cle_interop;id_ban_commune;id_ban_toponyme;id_ban_adresse;voie_nom;lieudit_complement_nom;numero;suffixe;certification_commune;commune_insee;commune_nom;commune_deleguee_insee;commune_deleguee_nom;position;long;lat;x;y;cad_parcelles;source;date_der_maj
51576_xxxx_00001;5b079667-9610-498c-a63d-a11ab685cd8e;2d445b45-1c0d-40cf-a639-961a5cb9dc56;59e70d56-8bd6-4775-8a3d-00ee05c7f523;Rue de Crouy;;1;;1;51576;Tours-sur-Marne;;;entrée;4.117386;49.047128;781684.21;6883605.86;;commune;2023-04-30
51576_xxxx_00001;5b079667-9610-498c-a63d-a11ab685cd8e;a54bd83d-cf97-4175-a733-f6e3a174041a;562de30e-2d62-496b-b169-2e8b9d8bc68c;Quai du Canal;;1;;1;51576;Tours-sur-Marne;;;entrée;4.120443;49.046604;781908.54;6883550.72;;commune;2023-03-20
51576_xxxx_00001;5b079667-9610-498c-a63d-a11ab685cd8e;8901002c-8223-449a-8fed-4815676787e7;2e56e60c-d2e2-4d94-9a16-5e72426e62a1;Rue Protain Gervais;;1;;1;51576;Tours-sur-Marne;;;délivrance postale;4.122224;49.047729;782036.91;6883677.74;;commune;2023-11-02
51576_xxxx_00001;5b079667-9610-498c-a63d-a11ab685cd8e;88f1eb98-1235-4c7d-90e5-38e51d3f9c4b;11f691d1-8b99-44f8-99be-25418d5b1048;Route de Bouzy;;1;;1;51576;Tours-sur-Marne;;;entrée;4.121804;49.050317;782002.17;6883965.09;;commune;2023-12-20
51576_xxxx_00001;5b079667-9610-498c-a63d-a11ab685cd8e;578bb4be-84bc-46a8-a25a-9d9be08c91c1;4ed87622-47eb-446d-bea8-6abfb7cf55d7;Route Départementale 34;;1;;1;51576;Tours-sur-Marne;;;entrée;4.137637;49.076684;783117.18;6886913.75;;commune;2023-10-10
51576_xxxx_00001;5b079667-9610-498c-a63d-a11ab685cd8e;25441fdf-dca1-4f36-9a81-bea547909b10;2c853fcd-2e92-4eaf-9642-9c68678a8a47;Rue du Buisson Jacquet;;1;;1;51576;Tours-sur-Marne;;;entrée;4.109697;49.050162;781117.44;6883935.29;;commune;2023-04-28
51576_xxxx_00001;5b079667-9610-498c-a63d-a11ab685cd8e;e655108d-1bbc-47be-992e-ca1c4d00a71b;e80c7808-b2fc-4381-b3f2-aaaea354f8b7;route de Bisseuil;;1;;1;51576;Tours-sur-Marne;;;entrée;4.112132;49.048519;781297.98;6883755.12;;commune;2023-01-31
51576_xxxx_00001;5b079667-9610-498c-a63d-a11ab685cd8e;06d2a287-bded-4d6e-9b31-2c914907c3ce;d3dce99c-6f5e-4802-922f-47fe4800835d;Rue du Rempart Nord-Est;;1;;1;51576;Tours-sur-Marne;;;entrée;4.123802;49.049011;782150.27;6883821.93;;commune;2025-01-28
51576_xxxx_00001;5b079667-9610-498c-a63d-a11ab685cd8e;6f05b86b-cac5-40af-8966-2b0ee12601aa;89e035fc-7b13-48cd-9ff2-19c2a5613d6e;Rue du Chateau;;1;;1;51576;Tours-sur-Marne;;;entrée;4.124292;49.04691;782189.38;6883588.83;;commune;2023-05-31
51576_xxxx_00001;5b079667-9610-498c-a63d-a11ab685cd8e;49c5ef30-e4ff-48fe-9fbe-44de51749ddd;f631e282-4e94-49de-9bd7-11bfc6997e84;Allee Mont Brule;;1;;1;51576;Tours-sur-Marne;;;entrée;4.11065;49.050897;781185.94;6884018.09;;commune;2023-04-28
51576_xxxx_00001;5b079667-9610-498c-a63d-a11ab685cd8e;87ac4974-dae5-4e53-ae04-b210c7818f77;08ec7ca7-1c78-4ab8-be62-f02ca2815690;Rue des Moissons;;1;;1;51576;Tours-sur-Marne;;;entrée;4.125773;49.052798;782288.34;6884245.07;;commune;2023-03-20
51576_xxxx_00001;5b079667-9610-498c-a63d-a11ab685cd8e;bb0f528d-f134-4951-835e-e50e3991aa02;ba5da596-66f2-48d2-bae7-45bbc20e27dd;Rue des Bobines;;1;;1;51576;Tours-sur-Marne;;;entrée;4.113558;49.048;781403.08;6883698.9;;commune;2023-04-30
51576_xxxx_00001;5b079667-9610-498c-a63d-a11ab685cd8e;0a2f370d-cebd-4332-a984-c63d8ff86e79;624fe0c4-6b9e-448f-87fa-ada83d96e133;Rue Antoine Drouilly;;1;;1;51576;Tours-sur-Marne;;;entrée;4.11459;49.048918;781477.02;6883802.09;;commune;2023-04-30
51576_xxxx_00001;5b079667-9610-498c-a63d-a11ab685cd8e;37203a66-c8f1-4372-b0ef-7fb37d0af5ae;659facd8-9c3f-41ad-8342-2f770ca6aad7;Rue Basse du Faubourg;;1;;1;51576;Tours-sur-Marne;;;entrée;4.125664;49.046649;782290.1;6883561.24;;commune;2023-05-31
51576_xxxx_00001;5b079667-9610-498c-a63d-a11ab685cd8e;eee5c522-7197-4536-b8ef-ecce80999641;b140a4ab-5ce0-421c-8f56-d3c8c3f28a42;Ruelle Saint-Maurice;;1;;1;51576;Tours-sur-Marne;;;entrée;4.119186;49.047169;781815.75;6883612.3;;commune;2023-10-10
51576_xxxx_00001;5b079667-9610-498c-a63d-a11ab685cd8e;802547a2-0e65-48d9-8876-339c8ceefca4;4145bf82-1e4e-4d4c-a05c-297311029730;Rue du Cbr;;1;;1;51576;Tours-sur-Marne;;;entrée;4.115713;49.051332;781555.32;6884071.62;;commune;2023-10-10
51576_xxxx_00001;5b079667-9610-498c-a63d-a11ab685cd8e;04fbb930-41df-4c6e-953c-906cfce884ca;9f59fb0d-5d71-48c4-b2b0-f0f2e96bcdf7;Place Auguste Chauvet;;1;;1;51576;Tours-sur-Marne;;;entrée;4.121984;49.047433;782019.89;6883644.56;;commune;2023-03-20
51576_xxxx_00001;5b079667-9610-498c-a63d-a11ab685cd8e;aa5cf673-cff6-485f-9ecf-ae96713203f8;a9ffac27-3954-42df-bf0a-0d0e12b501ff;Allee de la Queue Jeannot;;1;;1;51576;Tours-sur-Marne;;;entrée;4.109505;49.050542;781102.82;6883977.39;;commune;2025-01-29
51576_xxxx_00001;5b079667-9610-498c-a63d-a11ab685cd8e;8f95944c-6dc5-4edf-b198-a6f3b8257963;df79702a-e614-4229-90f5-09abb7a88626;rue du Clos Valin;;1;;1;51576;Tours-sur-Marne;;;entrée;4.127677;49.048296;782434.61;6883746.47;;commune;2023-01-31
51576_xxxx_00001;5b079667-9610-498c-a63d-a11ab685cd8e;d8222438-ede0-4a27-97ff-a131c03ab47b;8b528b21-799b-4fbb-8eea-b7e9faca09b3;Rue du Bureau;;1;;1;51576;Tours-sur-Marne;;;entrée;4.120298;49.047328;781896.81;6883631.16;;commune;2023-04-24
51576_xxxx_00001;5b079667-9610-498c-a63d-a11ab685cd8e;cb342646-b867-4ca7-bdfd-3fd07a548f29;6dd64a7c-b19d-4b39-b8ff-bac25de34ad7;Rue de la Chenevrière;;1;;1;51576;Tours-sur-Marne;;;entrée;4.113842;49.049698;781421.13;6883888.02;;commune;2023-04-28
51576_xxxx_00001;5b079667-9610-498c-a63d-a11ab685cd8e;906bd3da-651f-4c2b-b30e-fe37cd5b791a;955f0b2c-a856-4bec-b21d-1d8e6ba8d65f;Voie de Chezy;;1;;1;51576;Tours-sur-Marne;;;entrée;4.119316;49.044927;781828.82;6883363.08;51576000AE0233;commune;2023-01-31
51576_xxxx_00001;5b079667-9610-498c-a63d-a11ab685cd8e;e0830dfc-21dc-47bb-8b9a-c7fd11bc085c;f7fbab9a-8904-4a07-97bb-b9841ce52eb4;Rue du Clos des Fourches;;1;;1;51576;Tours-sur-Marne;;;entrée;4.113041;49.05127;781360.13;6884062.05;;commune;2023-04-28
51576_xxxx_00001;5b079667-9610-498c-a63d-a11ab685cd8e;cea444bd-992d-45f1-8288-6eed9b0eb055;bb59ad8b-fb0c-435c-9181-a2fc210c47b4;Rue du Port;;1;;1;51576;Tours-sur-Marne;;;entrée;4.121208;49.04672;781964.27;6883564.45;;commune;2023-10-02
51576_xxxx_00001;5b079667-9610-498c-a63d-a11ab685cd8e;72082ec5-46b5-4f3b-a9e4-08bc0e61dc83;11a8c043-0b0a-44da-90b6-5ed26d3bf7d5;Rue Heurpé;;1;;1;51576;Tours-sur-Marne;;;entrée;4.12145;49.047737;781980.33;6883677.78;;commune;2023-02-01
51576_xxxx_00001;5b079667-9610-498c-a63d-a11ab685cd8e;1ff75f78-11ac-41ea-a3f7-6c5dbbd1864e;44fa45d8-7378-4873-8c07-222cb1f56138;Rue de Bisseuil;;1;;1;51576;Tours-sur-Marne;;;entrée;4.116969;49.047275;781653.53;6883621.84;;commune;2023-04-30
51576_xxxx_00001;5b079667-9610-498c-a63d-a11ab685cd8e;719549f3-66a1-4298-b23a-32bddf71eb26;96e21738-d1b2-4347-a096-2f1a3230fb62;Rue Adeline Savey;;1;;1;51576;Tours-sur-Marne;;;entrée;4.127192;49.047161;782401.01;6883619.68;;commune;2023-10-10
51576_xxxx_00001;5b079667-9610-498c-a63d-a11ab685cd8e;e9ebd954-ddb4-4f0f-b33e-4a85d5576b2c;b57ec6bc-9c4f-4875-80cd-5aa5aa0ddbf2;Place de la République;;1;;1;51576;Tours-sur-Marne;;;entrée;4.121157;49.047024;781960.05;6883598.16;;commune;2023-10-02
51576_xxxx_00001;5b079667-9610-498c-a63d-a11ab685cd8e;8d5f6e36-f230-4cd3-8919-e5be53727c6a;bf7cd462-0bad-48b6-ba52-7b7232bd2da3;Impasse Saint-Antoine;;1;;1;51576;Tours-sur-Marne;;;entrée;4.124142;49.04735;782177.78;6883637.6;;commune;2023-05-31
51576_xxxx_00001;5b079667-9610-498c-a63d-a11ab685cd8e;8028dfe9-d909-40ad-9e00-422c11c6cd6c;b6f2b3bc-51fa-4a36-ab21-41b51d20111c;Le Fossart;;1;;1;51576;Tours-sur-Marne;;;entrée;4.111903;49.046447;781284.5;6883524.45;;commune;2023-10-03
51576_xxxx_00001;5b079667-9610-498c-a63d-a11ab685cd8e;fed23f22-adaa-435d-8cc3-bae702861845;c7996164-20cc-4fd9-a274-d7ac4f10b5bb;Rue de Condé;;1;;1;51576;Tours-sur-Marne;;;entrée;4.123529;49.04835;782131.36;6883748.16;;commune;2023-05-31
51576_xxxx_00001;5b079667-9610-498c-a63d-a11ab685cd8e;e017243a-9fd0-47e6-bd76-75c6338220f5;09c51f11-3833-43ce-ba48-872f9417c690;Rue du Noyer Revey;;1;;1;51576;Tours-sur-Marne;;;entrée;4.122286;49.050888;782036.45;6884029.03;;commune;2023-04-30
51576_xxxx_00001;5b079667-9610-498c-a63d-a11ab685cd8e;d055e597-407e-49b3-8c87-9ea19748be76;fa943915-efde-44da-998c-48288e35bfe2;Allee du Buisson Jacquet;;1;;1;51576;Tours-sur-Marne;;;entrée;4.110165;49.048539;781154.2;6883755.38;;commune;2025-03-18
51576_xxxx_00001;5b079667-9610-498c-a63d-a11ab685cd8e;ab2a3230-7fb7-4642-a6e4-ef2fb120f158;27c1cc06-6cf7-47f1-b59b-4580315b8353;Chemin de Fontaine;;1;;1;51576;Tours-sur-Marne;;;entrée;4.118341;49.049933;781749.63;6883918.84;;commune;2023-04-30
51576_xxxx_00001;5b079667-9610-498c-a63d-a11ab685cd8e;ac15d74f-5249-4623-a2e8-dd7521fa6a7a;b552b517-fedc-4b25-a783-f635ba9a009d;Chemin des 4 Arpents;;1;;1;51576;Tours-sur-Marne;;;entrée;4.117995;49.041075;781738.3;6882933.4;;commune;2023-12-20
51576_xxxx_00001;5b079667-9610-498c-a63d-a11ab685cd8e;42d46af1-9d55-45f2-be82-3bbbec98ec06;a3e8da23-bb21-44f4-9351-4268d247aee6;Impasse du Bureau;;1;;1;51576;Tours-sur-Marne;;;entrée;4.119758;49.047884;781856.45;6883692.39;;commune;2023-03-20
51576_xxxx_00001;5b079667-9610-498c-a63d-a11ab685cd8e;a0479ecb-4080-4cb5-b441-61a71d39676a;8d547cef-4d25-46ca-8204-ed2827566383;Rue Haute du Faubourg;;1;;1;51576;Tours-sur-Marne;;;entrée;4.126304;49.04699;782336.35;6883599.77;;commune;2023-05-31
51576_xxxx_00001;5b079667-9610-498c-a63d-a11ab685cd8e;9af5e9be-16a3-4ce7-85ec-650548e82eed;93b9be62-ce19-4416-a01e-dee5bdd93745;Rue de la Vendange;;1;;1;51576;Tours-sur-Marne;;;entrée;4.124219;49.052659;782174.97;6884228.03;;commune;2023-03-20
51576_xxxx_00001;5b079667-9610-498c-a63d-a11ab685cd8e;37cab16b-0a1e-4550-9f51-560d5afc25ec;8699abae-7be5-4380-bce5-f116b440393a;Place de l’Eglise;;1;;1;51576;Tours-sur-Marne;;;entrée;4.123823;49.046697;782155.43;6883564.58;;commune;2023-10-03
51576_xxxx_00001;5b079667-9610-498c-a63d-a11ab685cd8e;b90100be-144e-4011-bd77-79033f2a3e2e;7f87dddb-aa78-437d-8265-9ceef197cbc6;Rue du Magasin;;1;;1;51576;Tours-sur-Marne;;;entrée;4.118726;49.046391;781783.38;6883525.3;;commune;2023-10-02
51576_xxxx_00001;5b079667-9610-498c-a63d-a11ab685cd8e;4f806a35-9536-4620-a54f-a827427e7f58;ecb04a48-ef09-4b96-bf3d-393f802fdef8;Place Gondry;;1;;1;51576;Tours-sur-Marne;;;entrée;4.122664;49.049774;782065.85;6883905.54;;commune;2023-10-02
51576_xxxx_00001;5b079667-9610-498c-a63d-a11ab685cd8e;4d2374b1-a3ba-4a64-aced-168089616838;b2360fca-16c0-483a-9ca3-69b10fa6ebe6;Rue du Mont Brulé;;1;;1;51576;Tours-sur-Marne;;;entrée;4.111164;49.050857;781223.62;6884014.1;;commune;2023-04-28
51576_xxxx_00001;5b079667-9610-498c-a63d-a11ab685cd8e;de0dabc1-7b64-4fe2-b5cb-e390afd699a6;c5b63806-a0a1-48ed-ae51-6c118e85fbc0;Rue Gaston Erling;;1;;1;51576;Tours-sur-Marne;;;entrée;4.117488;49.050761;781685.98;6884010.02;;commune;2023-04-30
51576_xxxx_00001;5b079667-9610-498c-a63d-a11ab685cd8e;28edafb4-d289-455b-95db-bdd90098b434;7ae054e2-eac9-466e-b2e8-4cd2fa79ea8a;Rue Bernard;;1;;1;51576;Tours-sur-Marne;;;entrée;4.117454;49.047736;781688.25;6883673.56;;commune;2023-02-21
51576_xxxx_00001;5b079667-9610-498c-a63d-a11ab685cd8e;a275b169-19ae-478f-830e-b230fc849be5;14d8e7d0-cf6c-460b-b574-f1eb14c35e4b;Rue du Champ Rouen ZAC Côte des Noirs;;1;;1;51576;Tours-sur-Marne;;;entrée;4.137981;49.071129;783151.25;6886296.38;;commune;2023-10-10
51576_xxxx_00001;5b079667-9610-498c-a63d-a11ab685cd8e;1f11309b-6168-4627-9f6c-5782146ae2a9;30ed0591-04aa-466e-97d0-dc1cb7ca1955;rue du Champ Chapon ZAC Côte des Noirs;;1;;1;51576;Tours-sur-Marne;;;entrée;4.141318;49.072509;783392.86;6886453.41;;commune;2023-10-10
51576_xxxx_00001;5b079667-9610-498c-a63d-a11ab685cd8e;76b004f2-749d-4034-828e-fbc4a0da7ead;1733b204-a75e-455e-a718-2cb95a62e238;Rue des Fossarts;;1;;1;51576;Tours-sur-Marne;;;entrée;4.116037;49.046585;781586.46;6883544.08;;commune;2023-04-30
51576_xxxx_00001;5b079667-9610-498c-a63d-a11ab685cd8e;eefa7375-4045-4f89-a16d-6769db5d98e2;1d5c6432-d214-4078-a8d6-5c25822bc1fc;Rue de la Haie du Bois;;1;;1;51576;Tours-sur-Marne;;;entrée;4.113925;49.050008;781426.75;6883922.51;;commune;2023-04-28
51576_xxxx_00001;5b079667-9610-498c-a63d-a11ab685cd8e;c1efbb74-068c-4740-9bb5-5a590349c14a;a7a5747f-e3b4-48e3-8f2b-8bc1ca6f1efa;Rue Saint Antoine;;1;;1;51576;Tours-sur-Marne;;;entrée;4.123711;49.047375;782146.21;6883639.85;;commune;2023-05-31
51576_xxxx_00001;5b079667-9610-498c-a63d-a11ab685cd8e;9682e609-ed33-4f0e-83d3-1cac729fcce9;9b90b58f-b286-4037-8c50-433afefcd1e0;Rue du Touchet;;1;;1;51576;Tours-sur-Marne;;;entrée;4.120345;49.048196;781898.87;6883727.67;;commune;2023-02-01
51576_xxxx_00001;5b079667-9610-498c-a63d-a11ab685cd8e;db2e6a5f-ab85-45ea-b905-bd7344f5d498;700dc7d3-a712-4d18-be39-e97ef14343b8;Rue de la Croix Saint Jacques;;1;;1;51576;Tours-sur-Marne;;;entrée;4.123549;49.052153;782126.77;6884171.02;;commune;2023-03-20
51576_xxxx_00001;5b079667-9610-498c-a63d-a11ab685cd8e;cd61758b-1743-4c3c-8fc3-1e5d87884ca0;96086aad-f41e-436e-9e7f-e41b54c1ca61;Chemin de Bisseuil;;1;;1;51576;Tours-sur-Marne;;;entrée;4.114309;49.047274;781459.1;6883618.97;;commune;2023-04-30
51576_xxxx_00001;5b079667-9610-498c-a63d-a11ab685cd8e;7e70ff9f-6566-4d37-8352-abc86efbfd4e;dee358a8-8b8a-4c57-ae87-40e89995a619;Rue du Montcey;;1;;1;51576;Tours-sur-Marne;;;entrée;4.118601;49.04725;781772.89;6883620.74;;commune;2023-11-02
51576_xxxx_00001;5b079667-9610-498c-a63d-a11ab685cd8e;09bc2c6e-65d3-412f-b6a7-e08ced903b5b;c1910b6b-7b90-4c6d-a026-2c42c550b7f0;Rue du Rempart Nord Ouest;;1;;1;51576;Tours-sur-Marne;;;entrée;4.115311;49.047492;781531.96;6883644.24;;commune;2023-04-30
51576_xxxx_00001;5b079667-9610-498c-a63d-a11ab685cd8e;19f501ab-af65-43ec-b7b2-ae073dccc1b9;ea7b54c2-dc50-4b41-a931-554da5f57d34;Avenue de Champagne;;1;;1;51576;Tours-sur-Marne;;;entrée;4.114668;49.049415;781481.94;6883857.37;;commune;2023-10-03
51576_xxxx_00001;5b079667-9610-498c-a63d-a11ab685cd8e;d39ab8b0-af28-4e45-8815-aea40c000bf6;efcea465-0f1b-43dd-87eb-93ce1d693aef;Rue des Fossés;;1;;1;51576;Tours-sur-Marne;;;entrée;4.118957;49.048387;781797.11;6883747.51;;commune;2023-10-10
51576_xxxx_00001;5b079667-9610-498c-a63d-a11ab685cd8e;4421e05c-e1fe-4729-8ab8-b2175d77d8dd;82a9f0f3-1743-467c-879f-c115be5e9fd2;Rue de l’Avenir;;1;;1;51576;Tours-sur-Marne;;;entrée;4.114326;49.048086;781459.05;6883709.3;;commune;2023-04-30
51576_xxxx_00001;5b079667-9610-498c-a63d-a11ab685cd8e;4bd57962-262a-4122-82cc-649b15adb27b;71b950c0-ea6e-46bb-a779-ecac5ec2eae2;Rue Neuve;;1;;1;51576;Tours-sur-Marne;;;entrée;4.121447;49.048975;781978.16;6883815.45;;commune;2023-11-02
51576_xxxx_00001;5b079667-9610-498c-a63d-a11ab685cd8e;017da364-23ac-4630-9648-905c69bfc0a1;766f8186-1390-4aae-b9b9-edcd2ec24586;Rue du Pré Noël;;1;;1;51576;Tours-sur-Marne;;;entrée;4.127213;49.048226;782400.85;6883738.21;;commune;2024-09-24
51576_xxxx_00001;5b079667-9610-498c-a63d-a11ab685cd8e;0f52fa24-f466-4ce2-9ff0-7a3ce1697885;b3061966-d528-4a21-889e-b97a465809a1;Rue de la Tour;;1;;1;51576;Tours-sur-Marne;;;entrée;4.118844;49.048526;781788.64;6883762.85;;commune;2023-04-24
51576_xxxx_00001;5b079667-9610-498c-a63d-a11ab685cd8e;73544034-04c9-4ad0-9e7f-8e9d28daa61c;3f28f86a-2804-4e84-8aed-e345909b03d5;Rue des Hauts de Tours;;1;;1;51576;Tours-sur-Marne;;;entrée;4.11233;49.048862;781311.94;6883793.43;;commune;2024-02-19
51576_xxxx_00001;5b079667-9610-498c-a63d-a11ab685cd8e;c0907b55-8342-47d5-9534-af15e805ce18;93787dd4-6480-4501-9ec3-dba161170f65;Ruelle Derriere Saint Maurice;;1;;1;51576;Tours-sur-Marne;;;entrée;4.119144;49.046953;781813.06;6883588.27;;commune;2023-10-10
51576_xxxx_00001;5b079667-9610-498c-a63d-a11ab685cd8e;430392c0-87c2-47d1-944c-248ca5611157;7b56166f-b064-4e12-8280-bac011de021a;Rue des Champs Tortus;;1;;1;51576;Tours-sur-Marne;;;entrée;4.111395;49.050081;781241.7;6883928.13;;commune;2023-04-28
51576_xxxx_00001;5b079667-9610-498c-a63d-a11ab685cd8e;c61556c2-3178-4568-85bf-bb93171b1645;24ae6b09-b91b-4338-9ceb-b6e6b0e30911;Rue de la Halle;;1;;1;51576;Tours-sur-Marne;;;entrée;4.119466;49.047347;781835.96;6883632.37;;commune;2023-10-10
51576_xxxx_00001;5b079667-9610-498c-a63d-a11ab685cd8e;c7ae8ba6-c5a2-4d8c-aa38-38e8d298179a;03b7cd55-76f9-49c2-901c-478d12b1e9b8;Rue de la Maladrie;;1;;1;51576;Tours-sur-Marne;;;entrée;4.112428;49.049323;781318.37;6883844.79;;commune;2023-04-28
51576_xxxx_00001;5b079667-9610-498c-a63d-a11ab685cd8e;c2de8fcb-ea1e-4d36-8c74-60109f4ff1e6;1939c960-7598-46de-bb7d-48ea87159da5;Rue du Pont;;1;;1;51576;Tours-sur-Marne;;;entrée;4.120309;49.046992;781898.15;6883593.83;;commune;2023-10-10
51576_xxxx_00001;5b079667-9610-498c-a63d-a11ab685cd8e;1b2608ed-959c-4fa9-bc19-64ee1bcba657;c1877556-c540-4a8a-b062-994b05e62067;RD 19 route d'Athis;;1;;1;51576;Tours-sur-Marne;;;entrée;4.11967;49.045195;781854.23;6883393.24;;commune;2023-01-31
51576_xxxx_00001_a;5b079667-9610-498c-a63d-a11ab685cd8e;7e70ff9f-6566-4d37-8352-abc86efbfd4e;ad27743d-a3da-4d0e-94c4-813adba95491;Rue du Montcey;;1;a;1;51576;Tours-sur-Marne;;;entrée;4.118954;49.047273;781798.64;6883623.64;;commune;2023-11-02
51576_xxxx_00001_bis;5b079667-9610-498c-a63d-a11ab685cd8e;88f1eb98-1235-4c7d-90e5-38e51d3f9c4b;b22786e4-8c19-4412-b992-22978eaec625;Route de Bouzy;;1;bis;1;51576;Tours-sur-Marne;;;entrée;4.121746;49.050715;781997.31;6884009.26;;commune;2023-12-20
51576_xxxx_00001_bis;5b079667-9610-498c-a63d-a11ab685cd8e;c61556c2-3178-4568-85bf-bb93171b1645;390ab9ab-5f07-46d7-ac35-b479dc92b2d0;Rue de la Halle;;1;bis;1;51576;Tours-sur-Marne;;;entrée;4.11956;49.04736;781842.82;6883633.92;;commune;2023-10-10
51576_xxxx_00001_bis;5b079667-9610-498c-a63d-a11ab685cd8e;12f00825-2093-4b88-a9b8-7f6e11e02ae3;9fa93403-1dfc-43c0-9fb6-3f3e1c0c9012;Rue de la Garde;;1;bis;1;51576;Tours-sur-Marne;;;entrée;4.119647;49.050104;781844.84;6883939.14;;commune;2023-04-30
51576_xxxx_00001_bis;5b079667-9610-498c-a63d-a11ab685cd8e;ab2a3230-7fb7-4642-a6e4-ef2fb120f158;ee155236-b8fe-4c0d-bf62-eb1102ae4ca5;Chemin de Fontaine;;1;bis;1;51576;Tours-sur-Marne;;;entrée;4.118119;49.050232;781732.96;6883951.78;;commune;2023-10-02
51576_xxxx_00001_bis;5b079667-9610-498c-a63d-a11ab685cd8e;73544034-04c9-4ad0-9e7f-8e9d28daa61c;fa6a80d1-7d08-42f8-a66b-6044ec1880f6;Rue des Hauts de Tours;;1;bis;1;51576;Tours-sur-Marne;;;entrée;4.112172;49.048825;781300.47;6883789.17;;commune;2024-02-19
51576_xxxx_00002;5b079667-9610-498c-a63d-a11ab685cd8e;9682e609-ed33-4f0e-83d3-1cac729fcce9;e2f4c744-e480-402a-ae7e-cc4bdce49a10;Rue du Touchet;;2;;1;51576;Tours-sur-Marne;;;entrée;4.120878;49.048389;781937.53;6883749.7;;commune;2023-02-01
51576_xxxx_00002;5b079667-9610-498c-a63d-a11ab685cd8e;c61556c2-3178-4568-85bf-bb93171b1645;873ee222-ffc7-4aef-baa7-bb4cff14ba62;Rue de la Halle;;2;;1;51576;Tours-sur-Marne;;;entrée;4.119378;49.04728;781829.64;6883624.86;;commune;2023-10-02
51576_xxxx_00002;5b079667-9610-498c-a63d-a11ab685cd8e;017da364-23ac-4630-9648-905c69bfc0a1;a56c0cb5-4d0e-4740-9a9e-c92d6cf45207;Rue du Pré Noël;;2;;1;51576;Tours-sur-Marne;;;entrée;4.127585;49.048122;782428.17;6883727.03;;commune;2024-09-24
51576_xxxx_00002;5b079667-9610-498c-a63d-a11ab685cd8e;19f501ab-af65-43ec-b7b2-ae073dccc1b9;79fa9735-1608-465c-b1d8-c1aef9887ce6;Avenue de Champagne;;2;;1;51576;Tours-sur-Marne;;;entrée;4.115674;49.049551;781555.3;6883873.57;;commune;2023-10-03
51576_xxxx_00002;5b079667-9610-498c-a63d-a11ab685cd8e;c0907b55-8342-47d5-9534-af15e805ce18;0e87fbd3-3610-498c-91ea-a44d0a43e70e;Ruelle Derriere Saint Maurice;;2;;1;51576;Tours-sur-Marne;;;entrée;4.119535;49.04694;781841.6;6883587.23;;commune;2023-10-10
51576_xxxx_00002;5b079667-9610-498c-a63d-a11ab685cd8e;eee5c522-7197-4536-b8ef-ecce80999641;b1f6766c-7e5d-4764-b613-499330e5a06f;Ruelle Saint-Maurice;;2;;1;51576;Tours-sur-Marne;;;entrée;4.11902;49.047151;781803.66;6883610.13;;commune;2023-10-10
51576_xxxx_00002;5b079667-9610-498c-a63d-a11ab685cd8e;464d3d74-2b56-4a98-b286-752ae306d690;17fe1cd2-b2f6-4597-9bfa-fa43a17fa00f;Rue Saint-Maurice;;2;;1;51576;Tours-sur-Marne;;;entrée;4.118958;49.047636;781798.33;6883663.97;;commune;2023-10-10
51576_xxxx_00002;5b079667-9610-498c-a63d-a11ab685cd8e;719549f3-66a1-4298-b23a-32bddf71eb26;5218b457-62ab-4d3c-872b-7e9dc603e5a6;Rue Adeline Savey;;2;;1;51576;Tours-sur-Marne;;;entrée;4.127397;49.046604;782416.89;6883558.03;;commune;2024-02-05
51576_xxxx_00002;5b079667-9610-498c-a63d-a11ab685cd8e;ae8cae80-aa95-4166-a6bb-b3fbd17f6112;4e36308d-f244-4ac8-a049-b749795e1cdc;Chemin Rural de Bisseuil;;2;;1;51576;Tours-sur-Marne;;;entrée;4.112001;49.046591;781291.48;6883540.63;;commune;2023-10-03
51576_xxxx_00002;5b079667-9610-498c-a63d-a11ab685cd8e;7e70ff9f-6566-4d37-8352-abc86efbfd4e;1becf171-185f-4f6c-ba93-a2d7890df11b;Rue du Montcey;;2;;1;51576;Tours-sur-Marne;;;entrée;4.11836;49.0473;781755.17;6883625.96;;commune;2023-11-02
51576_xxxx_00002;5b079667-9610-498c-a63d-a11ab685cd8e;e0830dfc-21dc-47bb-8b9a-c7fd11bc085c;d1725aaa-2dc7-489a-8963-690e84282490;Rue du Clos des Fourches;;2;;1;51576;Tours-sur-Marne;;;entrée;4.113164;49.051431;781368.84;6884079.98;;commune;2023-04-28
51576_xxxx_00002;5b079667-9610-498c-a63d-a11ab685cd8e;04fbb930-41df-4c6e-953c-906cfce884ca;e5cada9f-6877-4070-be7c-c38c76c52f07;Place Auguste Chauvet;;2;;1;51576;Tours-sur-Marne;;;entrée;4.121975;49.047134;782019.71;6883611.28;;commune;2023-03-20
51576_xxxx_00002;5b079667-9610-498c-a63d-a11ab685cd8e;1b2608ed-959c-4fa9-bc19-64ee1bcba657;7beae1da-36f3-4b85-bd1d-8c9eb0a5dfce;RD 19 route d'Athis;;2;;1;51576;Tours-sur-Marne;;;entrée;4.119434;49.044907;781837.47;6883360.97;;commune;2023-01-31
51576_xxxx_00002;5b079667-9610-498c-a63d-a11ab685cd8e;a275b169-19ae-478f-830e-b230fc849be5;df484ac1-d10e-44ba-bfa0-bd5e8fd60291;Rue du Champ Rouen ZAC Côte des Noirs;;2;;1;51576;Tours-sur-Marne;;;entrée;4.138375;49.070224;783181.47;6886196.2;;commune;2023-10-10
51576_xxxx_00002;5b079667-9610-498c-a63d-a11ab685cd8e;bb0f528d-f134-4951-835e-e50e3991aa02;c6b1063d-e83e-4d56-88ae-c89b1a43ca86;Rue des Bobines;;2;;1;51576;Tours-sur-Marne;;;entrée;4.113142;49.047569;781373.33;6883650.5;;commune;2023-04-30
51576_xxxx_00002;5b079667-9610-498c-a63d-a11ab685cd8e;d363b183-28a3-440d-bf89-6923091b8ef6;20bd6d71-b3e1-4a6b-95cc-3683b54b5232;Place P Bernard et M Lefevre;;2;;1;51576;Tours-sur-Marne;;;entrée;4.117414;49.047301;781686.03;6883625.17;;commune;2023-01-31
51576_xxxx_00002;5b079667-9610-498c-a63d-a11ab685cd8e;a613ba3c-0a2e-4eec-a303-7e97f3538e08;f7605c11-c423-4a39-b2fa-689f096bb7d8;Place Charles de Gaulle;;2;;1;51576;Tours-sur-Marne;;;entrée;4.11981;49.04721;781861.34;6883617.47;;commune;2023-03-20
51576_xxxx_00002;5b079667-9610-498c-a63d-a11ab685cd8e;8cd99c81-0bcd-4090-8632-720625dd342f;781f99dd-72e4-4307-8726-27a8be6013d2;Rue de la Vieille Moterie;;2;;1;51576;Tours-sur-Marne;;;entrée;4.118719;49.048404;781779.68;6883749.17;;commune;2023-10-03
51576_xxxx_00002;5b079667-9610-498c-a63d-a11ab685cd8e;4d2374b1-a3ba-4a64-aced-168089616838;e8ce65bf-d174-4b0c-8556-61b3eb567eb9;Rue du Mont Brulé;;2;;1;51576;Tours-sur-Marne;;;entrée;4.11116;49.050734;781223.51;6884000.43;;commune;2023-04-28
51576_xxxx_00002;5b079667-9610-498c-a63d-a11ab685cd8e;d055e597-407e-49b3-8c87-9ea19748be76;9d3f4a61-bed6-4ec7-b6d7-702f0a3f86b9;Allee du Buisson Jacquet;;2;;1;51576;Tours-sur-Marne;;;entrée;4.109967;49.048585;781139.67;6883760.3;;commune;2025-03-18
51576_xxxx_00002;5b079667-9610-498c-a63d-a11ab685cd8e;a0479ecb-4080-4cb5-b441-61a71d39676a;bdf2f07b-7edc-48cc-881e-f565153f991b;Rue Haute du Faubourg;;2;;1;51576;Tours-sur-Marne;;;entrée;4.125803;49.047012;782299.72;6883601.73;;commune;2023-05-31
51576_xxxx_00002;5b079667-9610-498c-a63d-a11ab685cd8e;28edafb4-d289-455b-95db-bdd90098b434;9affdd48-a2eb-4cee-8304-9c77ca93a162;Rue Bernard;;2;;1;51576;Tours-sur-Marne;;;entrée;4.117589;49.047539;781698.44;6883651.78;51576000AC0226;commune;2025-05-27
51576_xxxx_00002;5b079667-9610-498c-a63d-a11ab685cd8e;4bd57962-262a-4122-82cc-649b15adb27b;301380be-900f-4f87-9716-7ae1a43ff32a;Rue Neuve;;2;;1;51576;Tours-sur-Marne;;;entrée;4.121577;49.048894;781987.8;6883806.59;;commune;2023-11-02
51576_xxxx_00002;5b079667-9610-498c-a63d-a11ab685cd8e;db2e6a5f-ab85-45ea-b905-bd7344f5d498;079c23ce-9c04-450f-adcf-ccddfe8b4a8d;Rue de la Croix Saint Jacques;;2;;1;51576;Tours-sur-Marne;;;entrée;4.123851;49.052344;782148.55;6884192.65;;commune;2023-03-20
51576_xxxx_00002;5b079667-9610-498c-a63d-a11ab685cd8e;d2ce1f44-214b-4bf6-b375-d0a12edb3a73;afabd5a3-9560-410a-b90f-5361ae51cee0;rue Bernard DE NONANCOURT;;2;;1;51576;Tours-sur-Marne;;;entrée;4.123094;49.049374;782097.94;6883861.53;;commune;2025-01-28
51576_xxxx_00002;5b079667-9610-498c-a63d-a11ab685cd8e;73544034-04c9-4ad0-9e7f-8e9d28daa61c;47843064-6731-49fe-aaae-ff1c2a5eb7a6;Rue des Hauts de Tours;;2;;1;51576;Tours-sur-Marne;;;entrée;4.11195;49.048785;781284.28;6883784.54;;commune;2024-02-19
51576_xxxx_00002;5b079667-9610-498c-a63d-a11ab685cd8e;430392c0-87c2-47d1-944c-248ca5611157;2bf552d4-8272-4112-acb1-d1aa3765bdef;Rue des Champs Tortus;;2;;1;51576;Tours-sur-Marne;;;entrée;4.11156;49.049966;781253.9;6883915.42;;commune;2023-04-28
51576_xxxx_00002;5b079667-9610-498c-a63d-a11ab685cd8e;c7ae8ba6-c5a2-4d8c-aa38-38e8d298179a;4c3532f1-02bf-403c-aa4d-7fabcc180e0d;Rue de la Maladrie;;2;;1;51576;Tours-sur-Marne;;;entrée;4.112087;49.049608;781293.01;6883876.15;;commune;2023-04-28
51576_xxxx_00002;5b079667-9610-498c-a63d-a11ab685cd8e;88f1eb98-1235-4c7d-90e5-38e51d3f9c4b;ee2f0669-6491-40f5-908a-b2db198fe38f;Route de Bouzy;;2;;1;51576;Tours-sur-Marne;;;entrée;4.122681;49.05107;782065.03;6884049.68;;commune;2023-04-30
51576_xxxx_00002;5b079667-9610-498c-a63d-a11ab685cd8e;25441fdf-dca1-4f36-9a81-bea547909b10;94766064-af54-4641-b9f8-bd386254413f;Rue du Buisson Jacquet;;2;;1;51576;Tours-sur-Marne;;;entrée;4.10986;49.050283;781129.18;6883948.96;;commune;2023-04-28
51576_xxxx_00002;5b079667-9610-498c-a63d-a11ab685cd8e;608df17b-5d90-450a-85b3-d60558fb07d5;18ace36b-68f7-4772-95f5-4ec0b306e80f;Rue du Docteur Rene Bursaux;;2;;1;51576;Tours-sur-Marne;;;entrée;4.117091;49.050051;781658.08;6883930.6;;commune;2023-04-28
51576_xxxx_00002;5b079667-9610-498c-a63d-a11ab685cd8e;2d445b45-1c0d-40cf-a639-961a5cb9dc56;09ef39ab-3882-41cb-b9a9-24ac6f927d12;Rue de Crouy;;2;;1;51576;Tours-sur-Marne;;;entrée;4.11694;49.047037;781651.81;6883595.26;;commune;2023-10-02
51576_xxxx_00002;5b079667-9610-498c-a63d-a11ab685cd8e;87e03631-c5ef-49f3-bae4-16832393658b;2199bf59-ace9-4478-87e0-725b7d9d0b5a;Rue de l’Eglise;;2;;1;51576;Tours-sur-Marne;;;entrée;4.122543;49.04669;782061.9;6883562.5;;commune;2023-04-24
51576_xxxx_00002;5b079667-9610-498c-a63d-a11ab685cd8e;8901002c-8223-449a-8fed-4815676787e7;c1d3b21b-9bdb-4ce3-90e2-330a3192d9d5;Rue Protain Gervais;;2;;1;51576;Tours-sur-Marne;;;entrée;4.122331;49.047683;782044.86;6883672.67;;commune;2023-11-02
51576_xxxx_00002;5b079667-9610-498c-a63d-a11ab685cd8e;49c5ef30-e4ff-48fe-9fbe-44de51749ddd;40268809-63ed-4387-bcf0-f95838e59445;Allee Mont Brule;;2;;1;51576;Tours-sur-Marne;;;entrée;4.110597;49.05098;781181.97;6884027.26;;commune;2025-03-18
51576_xxxx_00002;5b079667-9610-498c-a63d-a11ab685cd8e;0a2f370d-cebd-4332-a984-c63d8ff86e79;8b86842b-9db3-4140-831d-1ff1607b8321;Rue Antoine Drouilly;;2;;1;51576;Tours-sur-Marne;;;entrée;4.114352;49.048298;781460.63;6883732.85;;commune;2023-04-30
51576_xxxx_00002;5b079667-9610-498c-a63d-a11ab685cd8e;b90100be-144e-4011-bd77-79033f2a3e2e;5705aa2f-8369-4b6c-b365-9de7439a2b1b;Rue du Magasin;;2;;1;51576;Tours-sur-Marne;;;entrée;4.119061;49.046471;781807.7;6883534.51;;commune;2023-10-02
51576_xxxx_00002;5b079667-9610-498c-a63d-a11ab685cd8e;aa5cf673-cff6-485f-9ecf-ae96713203f8;76f0451e-d476-4df2-b3ea-ad5bb7eddf55;Allee de la Queue Jeannot;;2;;1;51576;Tours-sur-Marne;;;entrée;4.109217;49.050484;781081.85;6883970.62;;commune;2025-01-29
51576_xxxx_00002;5b079667-9610-498c-a63d-a11ab685cd8e;cb342646-b867-4ca7-bdfd-3fd07a548f29;26dc66bf-d125-43e7-a5e1-1835a6b15999;Rue de la Chenevrière;;2;;1;51576;Tours-sur-Marne;;;entrée;4.113717;49.049747;781411.92;6883893.37;;commune;2023-04-28
51576_xxxx_00002;5b079667-9610-498c-a63d-a11ab685cd8e;72082ec5-46b5-4f3b-a9e4-08bc0e61dc83;e972474c-10cc-41cc-8b5f-f3acf7863d57;Rue Heurpé;;2;;1;51576;Tours-sur-Marne;;;entrée;4.121711;49.047473;781999.81;6883648.73;;commune;2023-02-01
51576_xxxx_00002;5b079667-9610-498c-a63d-a11ab685cd8e;27ab37dd-4fc7-477d-b53e-8396fb146895;b02c8583-1ffd-4a85-b5a1-d0aa1ba40608;Rue du Rempart Est;;2;;1;51576;Tours-sur-Marne;;;entrée;4.125243;49.046865;782259.01;6883584.78;;commune;2023-04-30
51576_xxxx_00002;5b079667-9610-498c-a63d-a11ab685cd8e;8d5f6e36-f230-4cd3-8919-e5be53727c6a;f9972b6d-1758-498d-968a-2b61a8546b65;Impasse Saint-Antoine;;2;;1;51576;Tours-sur-Marne;;;entrée;4.124514;49.0474;782204.84;6883643.56;;commune;2023-04-24
51576_xxxx_00002;5b079667-9610-498c-a63d-a11ab685cd8e;fa68332f-3d1a-4743-873f-94a4dbbc4385;92677b35-e1ea-4216-86fe-bb16e3332819;Rue du Pignon Bavard;;2;;1;51576;Tours-sur-Marne;;;entrée;4.122355;49.047462;782046.91;6883648.21;;commune;2023-10-02
51576_xxxx_00002;5b079667-9610-498c-a63d-a11ab685cd8e;e017243a-9fd0-47e6-bd76-75c6338220f5;dc3336c6-e499-42f0-8ff5-42abb5f3f6c5;Rue du Noyer Revey;;2;;1;51576;Tours-sur-Marne;;;entrée;4.122339;49.051105;782039.98;6884053.31;;commune;2023-04-30
51576_xxxx_00002;5b079667-9610-498c-a63d-a11ab685cd8e;ab2a3230-7fb7-4642-a6e4-ef2fb120f158;0ce521e9-5604-4ba6-84f4-17ffe4aa3eac;Chemin de Fontaine;;2;;1;51576;Tours-sur-Marne;;;entrée;4.118247;49.050471;781741.93;6883978.57;;commune;2023-04-30
51576_xxxx_00002;5b079667-9610-498c-a63d-a11ab685cd8e;42d46af1-9d55-45f2-be82-3bbbec98ec06;d09f493f-e206-4963-bf14-a5438a28c69e;Impasse du Bureau;;2;;1;51576;Tours-sur-Marne;;;entrée;4.119842;49.048003;781862.37;6883705.72;;commune;2023-03-20
51576_xxxx_00002;5b079667-9610-498c-a63d-a11ab685cd8e;f6e931c0-6d12-4160-8feb-3ba15ec70d1f;9849ba5f-8a23-490e-a931-83b03b2743fa;Rue André Chassigneux;;2;;1;51576;Tours-sur-Marne;;;entrée;4.114972;49.047876;781506.61;6883686.56;;commune;2023-04-30
51576_xxxx_00002;5b079667-9610-498c-a63d-a11ab685cd8e;9af5e9be-16a3-4ce7-85ec-650548e82eed;11e28d3d-16d3-4b79-a77f-eba1c8b9e91e;Rue de la Vendange;;2;;1;51576;Tours-sur-Marne;;;entrée;4.124456;49.052754;782192.16;6884238.83;;commune;2023-03-20
51576_xxxx_00002;5b079667-9610-498c-a63d-a11ab685cd8e;4f806a35-9536-4620-a54f-a827427e7f58;34e17a25-aa67-4b1f-abc2-c1f0eef69cec;Place Gondry;;2;;1;51576;Tours-sur-Marne;;;entrée;4.122713;49.049627;782069.68;6883889.28;;commune;2023-10-02
51576_xxxx_00002;5b079667-9610-498c-a63d-a11ab685cd8e;de0dabc1-7b64-4fe2-b5cb-e390afd699a6;90873eb3-6960-4b97-8fe1-1af7f37edc84;Rue Gaston Erling;;2;;1;51576;Tours-sur-Marne;;;entrée;4.117285;49.050997;781670.77;6884036;;commune;2023-04-30
51576_xxxx_00002;5b079667-9610-498c-a63d-a11ab685cd8e;1f11309b-6168-4627-9f6c-5782146ae2a9;a5eb2203-f55e-4b2d-80e9-f9232b4f09b3;rue du Champ Chapon ZAC Côte des Noirs;;2;;1;51576;Tours-sur-Marne;;;entrée;4.141497;49.07219;783406.4;6886418.11;;commune;2023-10-10
51576_xxxx_00002;5b079667-9610-498c-a63d-a11ab685cd8e;eefa7375-4045-4f89-a16d-6769db5d98e2;36084a98-4ce6-444f-9924-49823528ac4e;Rue de la Haie du Bois;;2;;1;51576;Tours-sur-Marne;;;entrée;4.114275;49.049703;781452.77;6883889.01;;commune;2023-04-28
51576_xxxx_00002;5b079667-9610-498c-a63d-a11ab685cd8e;6f05b86b-cac5-40af-8966-2b0ee12601aa;4961a2a8-62ed-46d9-821f-b11e38738da9;Rue du Chateau;;2;;1;51576;Tours-sur-Marne;;;entrée;4.125003;49.046686;782241.7;6883564.65;;commune;2023-05-31
51576_xxxx_00002;5b079667-9610-498c-a63d-a11ab685cd8e;802547a2-0e65-48d9-8876-339c8ceefca4;90efd5e9-8e60-446b-902a-d403e348f332;Rue du Cbr;;2;;1;51576;Tours-sur-Marne;;;entrée;4.115655;49.051534;781550.77;6884094.06;;commune;2023-04-28
51576_xxxx_00002;5b079667-9610-498c-a63d-a11ab685cd8e;fed23f22-adaa-435d-8cc3-bae702861845;00dcce81-7eac-4a12-96ff-863bd3830d58;Rue de Condé;;2;;1;51576;Tours-sur-Marne;;;entrée;4.12385;49.048304;782154.88;6883743.32;;commune;2024-10-29
51576_xxxx_00002;5b079667-9610-498c-a63d-a11ab685cd8e;d39ab8b0-af28-4e45-8815-aea40c000bf6;a9c8120d-42cb-48c9-908f-3f66e4a522f9;Rue des Fossés;;2;;1;51576;Tours-sur-Marne;;;entrée;4.120232;49.048296;781890.43;6883738.7;;commune;2023-10-10
51576_xxxx_00002;5b079667-9610-498c-a63d-a11ab685cd8e;4421e05c-e1fe-4729-8ab8-b2175d77d8dd;919d1a2e-f475-45f8-ab9e-5ac0b69bdd11;Rue de l’Avenir;;2;;1;51576;Tours-sur-Marne;;;entrée;4.114126;49.048485;781443.79;6883753.37;;commune;2023-04-30
51576_xxxx_00002;5b079667-9610-498c-a63d-a11ab685cd8e;d8222438-ede0-4a27-97ff-a131c03ab47b;0fb18df8-ef76-492a-92c2-0522fdd27fd0;Rue du Bureau;;2;;1;51576;Tours-sur-Marne;;;entrée;4.120505;49.047362;781911.88;6883635.15;;commune;2023-04-24
51576_xxxx_00002;5b079667-9610-498c-a63d-a11ab685cd8e;c1efbb74-068c-4740-9bb5-5a590349c14a;6c11395d-c6d2-4df4-8394-4c6b390aa490;Rue Saint Antoine;;2;;1;51576;Tours-sur-Marne;;;entrée;4.124005;49.047099;782168.1;6883609.5;;commune;2023-05-31
51576_xxxx_00002_bis;5b079667-9610-498c-a63d-a11ab685cd8e;fed23f22-adaa-435d-8cc3-bae702861845;fafa12d4-b428-4035-8c94-be4db9586b4a;Rue de Condé;;2;bis;1;51576;Tours-sur-Marne;;;entrée;4.124463;49.048238;782199.77;6883736.61;51576000AD0539;commune;2024-10-30
51576_xxxx_00002_bis;5b079667-9610-498c-a63d-a11ab685cd8e;608df17b-5d90-450a-85b3-d60558fb07d5;ae2a3910-fe1e-4d30-a861-3e245148bc2d;Rue du Docteur Rene Bursaux;;2;bis;1;51576;Tours-sur-Marne;;;entrée;4.116907;49.050178;781644.45;6883944.5;;commune;2023-04-28
51576_xxxx_00002_bis;5b079667-9610-498c-a63d-a11ab685cd8e;d8222438-ede0-4a27-97ff-a131c03ab47b;d6791c66-7b35-4ec3-9780-bd7920874c92;Rue du Bureau;;2;bis;1;51576;Tours-sur-Marne;;;entrée;4.120803;49.047335;781933.7;6883632.47;;commune;2023-04-24
51576_xxxx_00002_ter;5b079667-9610-498c-a63d-a11ab685cd8e;fed23f22-adaa-435d-8cc3-bae702861845;51489420-5e73-4870-bec2-393c54b848be;Rue de Condé;;2;ter;1;51576;Tours-sur-Marne;;;entrée;4.12433;49.048272;782190.06;6883740.32;51576000AD0538|51576000AD0533;commune;2024-10-30
51576_xxxx_00003;5b079667-9610-498c-a63d-a11ab685cd8e;cb342646-b867-4ca7-bdfd-3fd07a548f29;acfc2173-b9f6-4280-b5c5-fecdcf796359;Rue de la Chenevrière;;3;;1;51576;Tours-sur-Marne;;;entrée;4.113547;49.049495;781399.92;6883865.09;;commune;2023-04-28
51576_xxxx_00003;5b079667-9610-498c-a63d-a11ab685cd8e;e0830dfc-21dc-47bb-8b9a-c7fd11bc085c;06c06c0d-c57d-4a11-a19c-12def58eac13;Rue du Clos des Fourches;;3;;1;51576;Tours-sur-Marne;;;entrée;4.112696;49.051121;781335.16;6884045.03;;commune;2023-04-28
51576_xxxx_00003;5b079667-9610-498c-a63d-a11ab685cd8e;7e70ff9f-6566-4d37-8352-abc86efbfd4e;dc36ac8b-5885-4963-a4b0-3a2ba953c587;Rue du Montcey;;3;;1;51576;Tours-sur-Marne;;;entrée;4.118215;49.047223;781744.7;6883617.31;;commune;2023-11-02
51576_xxxx_00003;5b079667-9610-498c-a63d-a11ab685cd8e;a0479ecb-4080-4cb5-b441-61a71d39676a;afb2d2dc-0e39-4320-bb83-0e7fbf629c44;Rue Haute du Faubourg;;3;;1;51576;Tours-sur-Marne;;;entrée;4.126409;49.046953;782344.05;6883595.77;;commune;2023-05-31
51576_xxxx_00003;5b079667-9610-498c-a63d-a11ab685cd8e;db2e6a5f-ab85-45ea-b905-bd7344f5d498;b2bf52f3-daca-4365-9194-a28a074565fa;Rue de la Croix Saint Jacques;;3;;1;51576;Tours-sur-Marne;;;entrée;4.123614;49.052104;782131.59;6884165.72;;commune;2023-03-20
51576_xxxx_00003;5b079667-9610-498c-a63d-a11ab685cd8e;608df17b-5d90-450a-85b3-d60558fb07d5;55fca414-47a5-4c3e-9666-fd94ee0e5aa7;Rue du Docteur Rene Bursaux;;3;;1;51576;Tours-sur-Marne;;;entrée;4.116331;49.050357;781602.06;6883963.81;;commune;2023-04-28
51576_xxxx_00003;5b079667-9610-498c-a63d-a11ab685cd8e;9af5e9be-16a3-4ce7-85ec-650548e82eed;8d40184c-2a08-4ee8-8e36-318107447adb;Rue de la Vendange;;3;;1;51576;Tours-sur-Marne;;;entrée;4.124121;49.052786;782167.57;6884242.04;;commune;2023-03-20
51576_xxxx_00003;5b079667-9610-498c-a63d-a11ab685cd8e;cd61758b-1743-4c3c-8fc3-1e5d87884ca0;854b2977-6896-49da-82c9-09afaa691060;Chemin de Bisseuil;;3;;1;51576;Tours-sur-Marne;;;entrée;4.114265;49.0474;781455.7;6883632.87;;commune;2023-04-30
51576_xxxx_00003;5b079667-9610-498c-a63d-a11ab685cd8e;4421e05c-e1fe-4729-8ab8-b2175d77d8dd;51b9ddfd-6aba-4016-9c05-e20b44c0adc3;Rue de l’Avenir;;3;;1;51576;Tours-sur-Marne;;;entrée;4.114038;49.048267;781437.73;6883729.12;;commune;2023-04-30
51576_xxxx_00003;5b079667-9610-498c-a63d-a11ab685cd8e;c61556c2-3178-4568-85bf-bb93171b1645;0462c876-30f1-4aaf-b87f-ba01841d7102;Rue de la Halle;;3;;1;51576;Tours-sur-Marne;;;entrée;4.119671;49.047318;781850.95;6883629.39;;commune;2023-10-02
51576_xxxx_00003;5b079667-9610-498c-a63d-a11ab685cd8e;19f501ab-af65-43ec-b7b2-ae073dccc1b9;0e171c9d-38de-4d56-91e7-39eb75f53674;Avenue de Champagne;;3;;1;51576;Tours-sur-Marne;;;entrée;4.11504;49.049875;781508.47;6883908.93;;commune;2023-10-10
51576_xxxx_00003;5b079667-9610-498c-a63d-a11ab685cd8e;e9ebd954-ddb4-4f0f-b33e-4a85d5576b2c;da537c90-a25f-424d-9226-ba8329b37524;Place de la République;;3;;1;51576;Tours-sur-Marne;;;entrée;4.121185;49.046825;781962.41;6883576.14;;commune;2023-03-20
51576_xxxx_00003;5b079667-9610-498c-a63d-a11ab685cd8e;a54bd83d-cf97-4175-a733-f6e3a174041a;51d594a6-3d68-48e6-931d-1614662826f1;Quai du Canal;;3;;1;51576;Tours-sur-Marne;;;entrée;4.120703;49.046635;781927.46;6883554.53;;commune;2023-03-20
51576_xxxx_00003;5b079667-9610-498c-a63d-a11ab685cd8e;6f05b86b-cac5-40af-8966-2b0ee12601aa;4b32bcbf-88d6-46a9-b724-437ca928b1a8;Rue du Chateau;;3;;1;51576;Tours-sur-Marne;;;entrée;4.12449;49.046879;782203.94;6883585.52;;commune;2023-05-31
51576_xxxx_00003;5b079667-9610-498c-a63d-a11ab685cd8e;d8222438-ede0-4a27-97ff-a131c03ab47b;b0c65753-fff2-48d2-afe9-d7619e0a0611;Rue du Bureau;;3;;1;51576;Tours-sur-Marne;;;entrée;4.120333;49.047607;781898.9;6883662.21;;commune;2023-04-24
51576_xxxx_00003;5b079667-9610-498c-a63d-a11ab685cd8e;336b6b1c-3f8f-4434-84ba-0ff46b3d9d95;710c77ee-74ab-4a0e-8c21-00a0f63f6bd6;Rue du Rempart Nord;;3;;1;51576;Tours-sur-Marne;;;entrée;4.118376;49.048684;781754.17;6883779.9;;commune;2023-11-02
51576_xxxx_00003;5b079667-9610-498c-a63d-a11ab685cd8e;09bc2c6e-65d3-412f-b6a7-e08ced903b5b;46b921e6-d235-45a8-bb45-deb1becfa657;Rue du Rempart Nord Ouest;;3;;1;51576;Tours-sur-Marne;;;entrée;4.115457;49.047613;781542.44;6883657.8;;commune;2023-04-30
51576_xxxx_00003;5b079667-9610-498c-a63d-a11ab685cd8e;9682e609-ed33-4f0e-83d3-1cac729fcce9;f457c23a-ba0e-43fe-9dcd-ebdfb1be8869;Rue du Touchet;;3;;1;51576;Tours-sur-Marne;;;entrée;4.120543;49.048276;781913.24;6883736.75;;commune;2023-03-20
51576_xxxx_00003;5b079667-9610-498c-a63d-a11ab685cd8e;eefa7375-4045-4f89-a16d-6769db5d98e2;d3ea10c8-fa2a-4fa5-a1e1-1eb08087c300;Rue de la Haie du Bois;;3;;1;51576;Tours-sur-Marne;;;entrée;4.113868;49.050231;781422.18;6883947.31;;commune;2023-04-28
51576_xxxx_00003;5b079667-9610-498c-a63d-a11ab685cd8e;1f11309b-6168-4627-9f6c-5782146ae2a9;e408e23b-1935-4c5d-93ab-6b59536d2b08;rue du Champ Chapon ZAC Côte des Noirs;;3;;1;51576;Tours-sur-Marne;;;entrée;4.141862;49.072108;783433.24;6886409.32;;commune;2023-10-10
51576_xxxx_00003;5b079667-9610-498c-a63d-a11ab685cd8e;28edafb4-d289-455b-95db-bdd90098b434;8e4f8959-aadd-467a-b72b-8bff6acd9b70;Rue Bernard;;3;;1;51576;Tours-sur-Marne;;;entrée;4.117286;49.048918;781674.1;6883804.78;;commune;2023-02-21
51576_xxxx_00003;5b079667-9610-498c-a63d-a11ab685cd8e;de0dabc1-7b64-4fe2-b5cb-e390afd699a6;15f435f8-06f8-42b2-baad-d2b057e63fcd;Rue Gaston Erling;;3;;1;51576;Tours-sur-Marne;;;entrée;4.11734;49.050814;781675.08;6884015.75;;commune;2023-04-30
51576_xxxx_00003;5b079667-9610-498c-a63d-a11ab685cd8e;4f806a35-9536-4620-a54f-a827427e7f58;199a5655-5418-4ad4-a861-4e809b75e887;Place Gondry;;3;;1;51576;Tours-sur-Marne;;;entrée;4.122392;49.049495;782046.44;6883874.23;;commune;2023-10-02
51576_xxxx_00003;5b079667-9610-498c-a63d-a11ab685cd8e;42d46af1-9d55-45f2-be82-3bbbec98ec06;5af13443-1921-41cd-b942-0c17aba8b8ed;Impasse du Bureau;;3;;1;51576;Tours-sur-Marne;;;entrée;4.119668;49.047855;781849.89;6883689.03;;commune;2023-03-20
51576_xxxx_00003;5b079667-9610-498c-a63d-a11ab685cd8e;ab2a3230-7fb7-4642-a6e4-ef2fb120f158;e2fc9945-8aef-4755-9553-2b623d894d73;Chemin de Fontaine;;3;;1;51576;Tours-sur-Marne;;;entrée;4.118125;49.050412;781733.06;6883971.79;;commune;2023-04-30
51576_xxxx_00003;5b079667-9610-498c-a63d-a11ab685cd8e;e017243a-9fd0-47e6-bd76-75c6338220f5;7319eff0-353e-4e09-9cca-5e1fa035b874;Rue du Noyer Revey;;3;;1;51576;Tours-sur-Marne;;;entrée;4.122237;49.051017;782032.72;6884043.38;;commune;2023-04-30
51576_xxxx_00003;5b079667-9610-498c-a63d-a11ab685cd8e;fa68332f-3d1a-4743-873f-94a4dbbc4385;b14e3094-60b9-4d45-8dc0-f5535ba8fbdd;Rue du Pignon Bavard;;3;;1;51576;Tours-sur-Marne;;;entrée;4.122465;49.04756;782054.86;6883659.18;;commune;2023-10-02
51576_xxxx_00003;5b079667-9610-498c-a63d-a11ab685cd8e;8d5f6e36-f230-4cd3-8919-e5be53727c6a;baa4ca12-ca26-438b-a9fc-6273b68b7249;Impasse Saint-Antoine;;3;;1;51576;Tours-sur-Marne;;;entrée;4.124249;49.04737;782185.56;6883639.93;;commune;2023-04-24
51576_xxxx_00003;5b079667-9610-498c-a63d-a11ab685cd8e;1ff75f78-11ac-41ea-a3f7-6c5dbbd1864e;2246a2e3-3818-4391-8e78-efc2d3b2e451;Rue de Bisseuil;;3;;1;51576;Tours-sur-Marne;;;entrée;4.116794;49.047276;781640.74;6883621.76;;commune;2023-04-30
51576_xxxx_00003;5b079667-9610-498c-a63d-a11ab685cd8e;72082ec5-46b5-4f3b-a9e4-08bc0e61dc83;259e15d2-76a4-43b4-bb16-c32736663fbd;Rue Heurpé;;3;;1;51576;Tours-sur-Marne;;;entrée;4.121351;49.04795;781972.77;6883701.34;;commune;2023-02-01
51576_xxxx_00003;5b079667-9610-498c-a63d-a11ab685cd8e;aa5cf673-cff6-485f-9ecf-ae96713203f8;bca8cd1c-d09c-40ca-8881-de0aa66920a4;Allee de la Queue Jeannot;;3;;1;51576;Tours-sur-Marne;;;entrée;4.109187;49.050544;781079.55;6883977.31;;commune;2023-04-28
51576_xxxx_00003;5b079667-9610-498c-a63d-a11ab685cd8e;04fbb930-41df-4c6e-953c-906cfce884ca;01f55b02-7e34-4927-896b-843ede3ef6ed;Place Auguste Chauvet;;3;;1;51576;Tours-sur-Marne;;;parcelle;4.122227;49.047362;782037.77;6883636.86;;commune;2023-03-20
51576_xxxx_00003;5b079667-9610-498c-a63d-a11ab685cd8e;b90100be-144e-4011-bd77-79033f2a3e2e;d0f9aa5a-ca17-4233-b41b-f6bdeb51bf89;Rue du Magasin;;3;;1;51576;Tours-sur-Marne;;;entrée;4.117978;49.046496;781728.48;6883536.17;;commune;2023-10-02
51576_xxxx_00003;5b079667-9610-498c-a63d-a11ab685cd8e;37203a66-c8f1-4372-b0ef-7fb37d0af5ae;4d59bea7-b669-496e-ab64-fa187f385610;Rue Basse du Faubourg;;3;;1;51576;Tours-sur-Marne;;;entrée;4.125961;49.046654;782311.81;6883562.06;;commune;2023-05-31
51576_xxxx_00003;5b079667-9610-498c-a63d-a11ab685cd8e;87ac4974-dae5-4e53-ae04-b210c7818f77;172209b1-72fa-4517-9494-cf28597e1436;Rue des Moissons;;3;;1;51576;Tours-sur-Marne;;;entrée;4.12582;49.052974;782291.46;6884264.68;;commune;2023-03-20
51576_xxxx_00003;5b079667-9610-498c-a63d-a11ab685cd8e;49c5ef30-e4ff-48fe-9fbe-44de51749ddd;40f14c9f-1ae6-408a-96d8-f1fe236b46f5;Allee Mont Brule;;3;;1;51576;Tours-sur-Marne;;;entrée;4.110415;49.050956;781168.68;6884024.4;;commune;2025-03-18
51576_xxxx_00003;5b079667-9610-498c-a63d-a11ab685cd8e;8901002c-8223-449a-8fed-4815676787e7;dc99ae8f-35ef-42da-8b2c-c0de473bdb76;Rue Protain Gervais;;3;;1;51576;Tours-sur-Marne;;;entrée;4.122206;49.047971;782035.26;6883704.64;;commune;2023-11-02
51576_xxxx_00003;5b079667-9610-498c-a63d-a11ab685cd8e;2d445b45-1c0d-40cf-a639-961a5cb9dc56;6b50fe3d-1ad2-407b-bacb-828a8cc5e7b0;Rue de Crouy;;3;;1;51576;Tours-sur-Marne;;;entrée;4.116884;49.04693;781647.86;6883583.35;;commune;2023-04-30
51576_xxxx_00003;5b079667-9610-498c-a63d-a11ab685cd8e;25441fdf-dca1-4f36-9a81-bea547909b10;6a43747b-b35e-4181-9c7d-3b2c67991850;Rue du Buisson Jacquet;;3;;1;51576;Tours-sur-Marne;;;entrée;4.110094;49.049133;781148.06;6883821.34;;commune;2023-04-28
51576_xxxx_00003;5b079667-9610-498c-a63d-a11ab685cd8e;88f1eb98-1235-4c7d-90e5-38e51d3f9c4b;3d3eba2a-2e0d-4793-943a-ab11254da588;Route de Bouzy;;3;;1;51576;Tours-sur-Marne;;;entrée;4.122057;49.050482;782020.39;6883983.65;;commune;2023-04-30
51576_xxxx_00003;5b079667-9610-498c-a63d-a11ab685cd8e;c2de8fcb-ea1e-4d36-8c74-60109f4ff1e6;d7af7f74-3f8e-411b-aeba-06f41b25f3a9;Rue du Pont;;3;;1;51576;Tours-sur-Marne;;;entrée;4.120139;49.04686;781885.89;6883578.87;;commune;2023-10-10
51576_xxxx_00003;5b079667-9610-498c-a63d-a11ab685cd8e;c7ae8ba6-c5a2-4d8c-aa38-38e8d298179a;7a90eec6-2d04-4a01-821f-0a2d596e9914;Rue de la Maladrie;;3;;1;51576;Tours-sur-Marne;;;entrée;4.112325;49.049517;781310.53;6883866.26;;commune;2023-04-28
51576_xxxx_00003;5b079667-9610-498c-a63d-a11ab685cd8e;430392c0-87c2-47d1-944c-248ca5611157;83dd94a7-1610-401e-ab71-1c79854a49d0;Rue des Champs Tortus;;3;;1;51576;Tours-sur-Marne;;;entrée;4.110862;49.049981;781202.87;6883916.42;;commune;2023-04-28
51576_xxxx_00003;5b079667-9610-498c-a63d-a11ab685cd8e;4bd57962-262a-4122-82cc-649b15adb27b;0394e14d-adb9-4e97-ac3c-c278c5832dcf;Rue Neuve;;3;;1;51576;Tours-sur-Marne;;;entrée;4.121712;49.048933;781997.64;6883811.13;;commune;2023-11-02
51576_xxxx_00003;5b079667-9610-498c-a63d-a11ab685cd8e;76b004f2-749d-4034-828e-fbc4a0da7ead;8154ded9-58e9-4c0b-b930-9d68c1600c21;Rue des Fossarts;;3;;1;51576;Tours-sur-Marne;;;entrée;4.115846;49.046606;781572.48;6883546.23;;commune;2023-10-03
51576_xxxx_00003;5b079667-9610-498c-a63d-a11ab685cd8e;4d2374b1-a3ba-4a64-aced-168089616838;329b6887-98fc-4209-a162-8a5053e7f52f;Rue du Mont Brulé;;3;;1;51576;Tours-sur-Marne;;;entrée;4.110022;49.05068;781140.38;6883993.22;;commune;2023-04-28
51576_xxxx_00003;5b079667-9610-498c-a63d-a11ab685cd8e;8cd99c81-0bcd-4090-8632-720625dd342f;1a599341-b617-4c0f-889d-e1031f56349c;Rue de la Vieille Moterie;;3;;1;51576;Tours-sur-Marne;;;entrée;4.118858;49.048366;781789.93;6883745.05;;commune;2023-10-03
51576_xxxx_00003;5b079667-9610-498c-a63d-a11ab685cd8e;8f95944c-6dc5-4edf-b198-a6f3b8257963;c3d1f92b-5062-43ba-a2d7-edafc70da420;rue du Clos Valin;;3;;1;51576;Tours-sur-Marne;;;entrée;4.12763;49.048671;782430.58;6883788.11;;commune;2023-01-31
51576_xxxx_00003;5b079667-9610-498c-a63d-a11ab685cd8e;73e0c677-d81a-4955-ad99-f3c08a07602a;9d278bf1-db36-4bda-b23e-dc709ceaf6bc;rue Marie-Rose Delasalle;;3;;1;51576;Tours-sur-Marne;;;entrée;4.118576;49.049384;781767.66;6883857.97;;commune;2023-01-31
51576_xxxx_00003;5b079667-9610-498c-a63d-a11ab685cd8e;bb0f528d-f134-4951-835e-e50e3991aa02;1a9ace7e-ee02-474f-8080-5c37cd2c2bcd;Rue des Bobines;;3;;1;51576;Tours-sur-Marne;;;entrée;4.113328;49.04794;781386.31;6883691.94;;commune;2023-01-31
51576_xxxx_00003;5b079667-9610-498c-a63d-a11ab685cd8e;1b2608ed-959c-4fa9-bc19-64ee1bcba657;731775c0-85c2-401a-b53b-5f9adb759aaa;RD 19 route d'Athis;;3;;1;51576;Tours-sur-Marne;;;entrée;4.119837;49.044234;781867.98;6883286.63;;commune;2023-01-31
51576_xxxx_00003;5b079667-9610-498c-a63d-a11ab685cd8e;27ab37dd-4fc7-477d-b53e-8396fb146895;1e058fb2-1ee3-4eee-b297-c997f81f2fb7;Rue du Rempart Est;;3;;1;51576;Tours-sur-Marne;;;entrée;4.125213;49.047143;782256.36;6883615.67;;commune;2023-04-30
51576_xxxx_00003;5b079667-9610-498c-a63d-a11ab685cd8e;719549f3-66a1-4298-b23a-32bddf71eb26;198b482d-fd7d-463b-89c9-48c2b39de113;Rue Adeline Savey;;3;;1;51576;Tours-sur-Marne;;;entrée;4.127271;49.047426;782406.35;6883649.24;;commune;2023-10-10
51576_xxxx_00003;5b079667-9610-498c-a63d-a11ab685cd8e;08fcfd29-68cd-4543-ae7d-998fe93bd365;9ef81290-2e6c-4a11-82ce-14eabec010a4;Ruelle Devant Saint Maurice;;3;;1;51576;Tours-sur-Marne;;;entrée;4.119491;49.047087;781838.15;6883603.52;;commune;2023-10-10
51576_xxxx_00003;5b079667-9610-498c-a63d-a11ab685cd8e;017da364-23ac-4630-9648-905c69bfc0a1;8ab90512-6415-4bec-8b39-d0f730b62675;Rue du Pré Noël;;3;;1;51576;Tours-sur-Marne;;;entrée;4.126269;49.048269;782331.77;6883741.98;;commune;2024-09-24
51576_xxxx_00003;5b079667-9610-498c-a63d-a11ab685cd8e;464d3d74-2b56-4a98-b286-752ae306d690;5d22a7db-ff1c-4af6-ab2b-6fa51b0fadb0;Rue Saint-Maurice;;3;;1;51576;Tours-sur-Marne;;;entrée;4.118913;49.047653;781795.06;6883665.8;;commune;2024-09-24
51576_xxxx_00003;5b079667-9610-498c-a63d-a11ab685cd8e;d055e597-407e-49b3-8c87-9ea19748be76;25936d76-cb59-4838-982e-cfbb630119bc;Allee du Buisson Jacquet;;3;;1;51576;Tours-sur-Marne;;;entrée;4.110098;49.048743;781148.98;6883777.99;;commune;2025-03-18
51576_xxxx_00003_bis;5b079667-9610-498c-a63d-a11ab685cd8e;76b004f2-749d-4034-828e-fbc4a0da7ead;27852db2-26bb-4732-b897-093a89573469;Rue des Fossarts;;3;bis;1;51576;Tours-sur-Marne;;;entrée;4.115799;49.046668;781568.95;6883553.09;;commune;2023-10-03
51576_xxxx_00003_bis;5b079667-9610-498c-a63d-a11ab685cd8e;27ab37dd-4fc7-477d-b53e-8396fb146895;42bc13bf-4019-4432-8580-c18fde44b619;Rue du Rempart Est;;3;bis;1;51576;Tours-sur-Marne;;;entrée;4.125245;49.047234;782258.57;6883625.8;;commune;2023-04-30
51576_xxxx_00004;5b079667-9610-498c-a63d-a11ab685cd8e;d2ce1f44-214b-4bf6-b375-d0a12edb3a73;734dc7f4-a40d-45bf-b429-da7e2f5d9204;rue Bernard DE NONANCOURT;;4;;1;51576;Tours-sur-Marne;;;entrée;4.122895;49.049907;782082.53;6883920.64;;commune;2025-01-28
51576_xxxx_00004;5b079667-9610-498c-a63d-a11ab685cd8e;fa68332f-3d1a-4743-873f-94a4dbbc4385;2528ab1c-2e11-42f2-b9a6-ddccd6d77e84;Rue du Pignon Bavard;;4;;1;51576;Tours-sur-Marne;;;entrée;4.122695;49.047485;782071.75;6883651.04;;commune;2023-10-03
51576_xxxx_00004;5b079667-9610-498c-a63d-a11ab685cd8e;e017243a-9fd0-47e6-bd76-75c6338220f5;b0317cff-d05f-4660-8b9a-b59c1fde05f3;Rue du Noyer Revey;;4;;1;51576;Tours-sur-Marne;;;entrée;4.121992;49.051932;782013.31;6884144.88;;commune;2023-04-30
51576_xxxx_00004;5b079667-9610-498c-a63d-a11ab685cd8e;cb342646-b867-4ca7-bdfd-3fd07a548f29;005f176e-e6c7-481b-86ca-5c74254c145f;Rue de la Chenevrière;;4;;1;51576;Tours-sur-Marne;;;entrée;4.113551;49.049858;781399.6;6883905.54;;commune;2023-04-28
51576_xxxx_00004;5b079667-9610-498c-a63d-a11ab685cd8e;8d5f6e36-f230-4cd3-8919-e5be53727c6a;18967635-8669-41a3-ac83-a7dec36f257e;Impasse Saint-Antoine;;4;;1;51576;Tours-sur-Marne;;;entrée;4.124278;49.047288;782187.78;6883630.76;;commune;2023-04-24
51576_xxxx_00004;5b079667-9610-498c-a63d-a11ab685cd8e;42d46af1-9d55-45f2-be82-3bbbec98ec06;462f54e7-7cf6-4cb0-b5a2-a21a316b4268;Impasse du Bureau;;4;;1;51576;Tours-sur-Marne;;;entrée;4.119668;49.047965;781849.72;6883701.27;;commune;2023-03-20
51576_xxxx_00004;5b079667-9610-498c-a63d-a11ab685cd8e;76b004f2-749d-4034-828e-fbc4a0da7ead;29a8652e-7b6b-4315-82bd-890596b7740b;Rue des Fossarts;;4;;1;51576;Tours-sur-Marne;;;entrée;4.116068;49.046644;781588.65;6883550.72;;commune;2023-04-30
51576_xxxx_00004;5b079667-9610-498c-a63d-a11ab685cd8e;c1efbb74-068c-4740-9bb5-5a590349c14a;c409cd3c-e624-42d6-bf3e-15c92bdf9821;Rue Saint Antoine;;4;;1;51576;Tours-sur-Marne;;;entrée;4.123829;49.047446;782154.7;6883647.87;;commune;2023-11-02
51576_xxxx_00004;5b079667-9610-498c-a63d-a11ab685cd8e;4d2374b1-a3ba-4a64-aced-168089616838;8037e906-245c-44ae-837a-0cf5eb28fb65;Rue du Mont Brulé;;4;;1;51576;Tours-sur-Marne;;;entrée;4.110878;49.050682;781202.95;6883994.36;;commune;2023-04-28
51576_xxxx_00004;5b079667-9610-498c-a63d-a11ab685cd8e;c2de8fcb-ea1e-4d36-8c74-60109f4ff1e6;f0366e64-3735-4b18-95f5-7633aa08a9c6;Rue du Pont;;4;;1;51576;Tours-sur-Marne;;;entrée;4.119872;49.046605;781866.79;6883550.23;;commune;2023-10-10
51576_xxxx_00004;5b079667-9610-498c-a63d-a11ab685cd8e;8cd99c81-0bcd-4090-8632-720625dd342f;082e96bc-9c2d-4a1e-8edc-22507461a680;Rue de la Vieille Moterie;;4;;1;51576;Tours-sur-Marne;;;entrée;4.118542;49.048362;781766.8;6883744.28;;commune;2023-10-03
51576_xxxx_00004;5b079667-9610-498c-a63d-a11ab685cd8e;db2e6a5f-ab85-45ea-b905-bd7344f5d498;13c8882d-15a8-4b21-82b3-cb1a8eeb0a52;Rue de la Croix Saint Jacques;;4;;1;51576;Tours-sur-Marne;;;entrée;4.124182;49.052401;782172.64;6884199.28;;commune;2023-03-20
51576_xxxx_00004;5b079667-9610-498c-a63d-a11ab685cd8e;d363b183-28a3-440d-bf89-6923091b8ef6;0724fd78-af96-4da8-95e4-e6798835c213;Place P Bernard et M Lefevre;;4;;1;51576;Tours-sur-Marne;;;entrée;4.117146;49.04734;781666.36;6883629.15;;commune;2024-02-19
51576_xxxx_00004;5b079667-9610-498c-a63d-a11ab685cd8e;719549f3-66a1-4298-b23a-32bddf71eb26;65b3712a-623e-4e95-b3bf-80b2a7ce798b;Rue Adeline Savey;;4;;1;51576;Tours-sur-Marne;;;entrée;4.127397;49.046701;782416.74;6883568.78;;commune;2024-02-05
51576_xxxx_00004;5b079667-9610-498c-a63d-a11ab685cd8e;d8222438-ede0-4a27-97ff-a131c03ab47b;3fd8c71a-64aa-4d9e-8e2b-772c4801e9af;Rue du Bureau;;4;;1;51576;Tours-sur-Marne;;;entrée;4.120472;49.047467;781909.32;6883646.74;;commune;2023-04-24
51576_xxxx_00004;5b079667-9610-498c-a63d-a11ab685cd8e;a613ba3c-0a2e-4eec-a303-7e97f3538e08;aaf1c7a9-a801-4b3c-9825-99adb17e33a1;Place Charles de Gaulle;;4;;1;51576;Tours-sur-Marne;;;entrée;4.11983;49.047126;781862.92;6883608.23;;commune;2023-03-20
51576_xxxx_00004;5b079667-9610-498c-a63d-a11ab685cd8e;fed23f22-adaa-435d-8cc3-bae702861845;39dc8c40-39bf-4221-99b2-038fc06b8adc;Rue de Condé;;4;;1;51576;Tours-sur-Marne;;;entrée;4.125044;49.048125;782242.48;6883724.71;;commune;2023-05-31
51576_xxxx_00004;5b079667-9610-498c-a63d-a11ab685cd8e;25441fdf-dca1-4f36-9a81-bea547909b10;dad00b93-93eb-473d-a040-674791c93d1a;Rue du Buisson Jacquet;;4;;1;51576;Tours-sur-Marne;;;entrée;4.109924;49.050109;781134.13;6883929.68;;commune;2023-04-28
51576_xxxx_00004;5b079667-9610-498c-a63d-a11ab685cd8e;73544034-04c9-4ad0-9e7f-8e9d28daa61c;95f01d05-67a6-48c9-a4ee-3116c38c3219;Rue des Hauts de Tours;;4;;1;51576;Tours-sur-Marne;;;entrée;4.111993;49.048684;781287.57;6883773.33;;commune;2023-04-28
51576_xxxx_00004;5b079667-9610-498c-a63d-a11ab685cd8e;aa5cf673-cff6-485f-9ecf-ae96713203f8;1b59e7bc-3e0d-4c66-b31e-30d10148d924;Allee de la Queue Jeannot;;4;;1;51576;Tours-sur-Marne;;;entrée;4.109496;49.050579;781102.08;6883981.49;;commune;2025-01-29
51576_xxxx_00004;5b079667-9610-498c-a63d-a11ab685cd8e;f6e931c0-6d12-4160-8feb-3ba15ec70d1f;538d593c-9df2-4571-9a8e-7a90dc4430ec;Rue André Chassigneux;;4;;1;51576;Tours-sur-Marne;;;entrée;4.11506;49.047988;781512.89;6883699.06;;commune;2023-04-30
51576_xxxx_00004;5b079667-9610-498c-a63d-a11ab685cd8e;c7ae8ba6-c5a2-4d8c-aa38-38e8d298179a;f7d5cecf-2672-4361-8a0c-ceb2bbfbfbe7;Rue de la Maladrie;;4;;1;51576;Tours-sur-Marne;;;entrée;4.111943;49.049887;781282.08;6883907.05;;commune;2023-04-28
51576_xxxx_00004;5b079667-9610-498c-a63d-a11ab685cd8e;2d445b45-1c0d-40cf-a639-961a5cb9dc56;4d14c500-719f-4df1-9fff-7a720e617c3e;Rue de Crouy;;4;;1;51576;Tours-sur-Marne;;;entrée;4.116701;49.046947;781634.48;6883585.04;;commune;2023-04-30
51576_xxxx_00004;5b079667-9610-498c-a63d-a11ab685cd8e;4f806a35-9536-4620-a54f-a827427e7f58;0d7deb7c-fa9a-411a-a938-07b8db9bb1fa;Place Gondry;;4;;1;51576;Tours-sur-Marne;;;entrée;4.122425;49.049391;782049;6883862.72;;commune;2023-10-02
51576_xxxx_00004;5b079667-9610-498c-a63d-a11ab685cd8e;9af5e9be-16a3-4ce7-85ec-650548e82eed;89cbb2ec-a889-4761-a084-15f36f31e7dd;Rue de la Vendange;;4;;1;51576;Tours-sur-Marne;;;entrée;4.124778;49.052944;782215.36;6884260.29;;commune;2023-03-20
51576_xxxx_00004;5b079667-9610-498c-a63d-a11ab685cd8e;608df17b-5d90-450a-85b3-d60558fb07d5;672f6c33-0cc6-4491-9b73-95c829b798a7;Rue du Docteur Rene Bursaux;;4;;1;51576;Tours-sur-Marne;;;entrée;4.116759;49.050279;781633.43;6883955.58;;commune;2023-04-28
51576_xxxx_00004;5b079667-9610-498c-a63d-a11ab685cd8e;29b3e41f-ab90-44ee-be12-456b343d35d0;c48f89e5-9ddb-44ef-8f46-a41713a5f748;Rue du Canal;;4;;1;51576;Tours-sur-Marne;;;entrée;4.12209;49.046492;782029.13;6883540.02;;commune;2023-03-20
51576_xxxx_00004;5b079667-9610-498c-a63d-a11ab685cd8e;c61556c2-3178-4568-85bf-bb93171b1645;010cff93-5f12-4c90-be68-f1c723a7feb1;Rue de la Halle;;4;;1;51576;Tours-sur-Marne;;;entrée;4.119619;49.047249;781847.26;6883621.69;;commune;2023-10-02
51576_xxxx_00004;5b079667-9610-498c-a63d-a11ab685cd8e;19f501ab-af65-43ec-b7b2-ae073dccc1b9;8382ffc1-23e1-47e8-bd30-98fcd7bce350;Avenue de Champagne;;4;;1;51576;Tours-sur-Marne;;;entrée;4.116074;49.049623;781584.38;6883881.99;;commune;2023-10-03
51576_xxxx_00004;5b079667-9610-498c-a63d-a11ab685cd8e;ae8cae80-aa95-4166-a6bb-b3fbd17f6112;29b1b16b-8dfa-4c30-88d7-e13baad50b46;Chemin Rural de Bisseuil;;4;;1;51576;Tours-sur-Marne;;;entrée;4.110194;49.045762;781160.68;6883446.6;;commune;2023-10-03
51576_xxxx_00004;5b079667-9610-498c-a63d-a11ab685cd8e;12f00825-2093-4b88-a9b8-7f6e11e02ae3;f9b19cab-2b1a-4043-9295-bcc557bc5460;Rue de la Garde;;4;;1;51576;Tours-sur-Marne;;;entrée;4.119598;49.050229;781841.07;6883953.05;;commune;2023-11-02
51576_xxxx_00004;5b079667-9610-498c-a63d-a11ab685cd8e;de0dabc1-7b64-4fe2-b5cb-e390afd699a6;b54043b7-5b0c-4ffb-8b66-dba0aad9318c;Rue Gaston Erling;;4;;1;51576;Tours-sur-Marne;;;entrée;4.117106;49.05112;781657.51;6884049.47;;commune;2023-04-30
51576_xxxx_00004;5b079667-9610-498c-a63d-a11ab685cd8e;e0830dfc-21dc-47bb-8b9a-c7fd11bc085c;2f8922be-bca2-4d8f-881a-d4dddcedf71d;Rue du Clos des Fourches;;4;;1;51576;Tours-sur-Marne;;;entrée;4.112893;49.051355;781349.2;6884071.29;;commune;2023-04-28
51576_xxxx_00004;5b079667-9610-498c-a63d-a11ab685cd8e;87e03631-c5ef-49f3-bae4-16832393658b;9850387a-ee70-4267-8852-7e141bb7bf1e;Rue de l’Eglise;;4;;1;51576;Tours-sur-Marne;;;entrée;4.1228;49.046661;782080.71;6883559.52;;commune;2023-04-24
51576_xxxx_00004;5b079667-9610-498c-a63d-a11ab685cd8e;28edafb4-d289-455b-95db-bdd90098b434;7cf3d31e-7d0b-443a-abd6-8f7467ca4869;Rue Bernard;;4;;1;51576;Tours-sur-Marne;;;entrée;4.117562;49.047619;781696.36;6883660.62;;commune;2023-02-21
51576_xxxx_00004;5b079667-9610-498c-a63d-a11ab685cd8e;1f11309b-6168-4627-9f6c-5782146ae2a9;7624ed45-f02f-4b7f-bbcd-b56b2ea27282;rue du Champ Chapon ZAC Côte des Noirs;;4;;1;51576;Tours-sur-Marne;;;entrée;4.1418;49.07196;783428.94;6886392.81;;commune;2023-10-10
51576_xxxx_00004;5b079667-9610-498c-a63d-a11ab685cd8e;e9ebd954-ddb4-4f0f-b33e-4a85d5576b2c;c83e4816-5bb2-4eb6-ae2c-45a91dac329e;Place de la République;;4;;1;51576;Tours-sur-Marne;;;entrée;4.121042;49.046822;781951.95;6883575.61;;commune;2023-10-05
51576_xxxx_00004;5b079667-9610-498c-a63d-a11ab685cd8e;eee5c522-7197-4536-b8ef-ecce80999641;63951c2d-1e83-47a7-9788-3e7e1073afa8;Ruelle Saint-Maurice;;4;;1;51576;Tours-sur-Marne;;;entrée;4.118975;49.046856;781800.82;6883577.28;;commune;2023-10-10
51576_xxxx_00004;5b079667-9610-498c-a63d-a11ab685cd8e;4421e05c-e1fe-4729-8ab8-b2175d77d8dd;fc8848aa-d515-4b65-89d1-4c2954259c83;Rue de l’Avenir;;4;;1;51576;Tours-sur-Marne;;;entrée;4.114053;49.04866;781438.22;6883772.8;;commune;2023-04-30
51576_xxxx_00004;5b079667-9610-498c-a63d-a11ab685cd8e;88f1eb98-1235-4c7d-90e5-38e51d3f9c4b;ab51207c-60b7-4654-a48b-830fc573323d;Route de Bouzy;;4;;1;51576;Tours-sur-Marne;;;entrée;4.123172;49.051789;782099.79;6884130.21;;commune;2023-04-24
51576_xxxx_00004;5b079667-9610-498c-a63d-a11ab685cd8e;336b6b1c-3f8f-4434-84ba-0ff46b3d9d95;f7635cc8-0e36-4f73-a233-788ea689e14b;Rue du Rempart Nord;;4;;1;51576;Tours-sur-Marne;;;entrée;4.118082;49.048595;781732.81;6883769.69;;commune;2023-11-02
51576_xxxx_00004;5b079667-9610-498c-a63d-a11ab685cd8e;eefa7375-4045-4f89-a16d-6769db5d98e2;70e45937-54f6-45ec-b9b5-e3fdd54ccaab;Rue de la Haie du Bois;;4;;1;51576;Tours-sur-Marne;;;entrée;4.114227;49.049864;781449.03;6883906.87;;commune;2023-04-28
51576_xxxx_00004;5b079667-9610-498c-a63d-a11ab685cd8e;430392c0-87c2-47d1-944c-248ca5611157;4e384b46-b801-4e5f-b946-ab68c938074f;Rue des Champs Tortus;;4;;1;51576;Tours-sur-Marne;;;entrée;4.110996;49.049882;781212.86;6883905.52;;commune;2023-04-28
51576_xxxx_00004;5b079667-9610-498c-a63d-a11ab685cd8e;37203a66-c8f1-4372-b0ef-7fb37d0af5ae;64b0179f-fada-4153-8c35-1b08c75d8b4b;Rue Basse du Faubourg;;4;;1;51576;Tours-sur-Marne;;;entrée;4.125182;49.046637;782254.88;6883559.32;;commune;2023-05-31
51576_xxxx_00004;5b079667-9610-498c-a63d-a11ab685cd8e;49c5ef30-e4ff-48fe-9fbe-44de51749ddd;b66981b1-9214-42dc-900a-bed05424092f;Allee Mont Brule;;4;;1;51576;Tours-sur-Marne;;;entrée;4.110447;49.050865;781171.13;6884014.33;;commune;2025-03-18
51576_xxxx_00004;5b079667-9610-498c-a63d-a11ab685cd8e;9682e609-ed33-4f0e-83d3-1cac729fcce9;44fe79da-c45f-4eb6-943c-a55bba1dbbd2;Rue du Touchet;;4;;1;51576;Tours-sur-Marne;;;entrée;4.120969;49.048448;781944.1;6883756.39;;commune;2023-02-01
51576_xxxx_00004;5b079667-9610-498c-a63d-a11ab685cd8e;d39ab8b0-af28-4e45-8815-aea40c000bf6;29145206-0f0c-4bb4-b692-258d5298e77d;Rue des Fossés;;4;;1;51576;Tours-sur-Marne;;;entrée;4.119951;49.048319;781869.83;6883740.92;;commune;2023-10-10
51576_xxxx_00004;5b079667-9610-498c-a63d-a11ab685cd8e;802547a2-0e65-48d9-8876-339c8ceefca4;3b9f6905-7c7f-49ab-b04b-8fdb56d01d8c;Rue du Cbr;;4;;1;51576;Tours-sur-Marne;;;entrée;4.115916;49.051848;781569.37;6884129.25;;commune;2023-04-28
51576_xxxx_00004;5b079667-9610-498c-a63d-a11ab685cd8e;09bc2c6e-65d3-412f-b6a7-e08ced903b5b;62b29b2f-72dc-4064-a491-65637ae85326;Rue du Rempart Nord Ouest;;4;;1;51576;Tours-sur-Marne;;;entrée;4.116068;49.047972;781586.58;6883698.32;;commune;2023-04-30
51576_xxxx_00004;5b079667-9610-498c-a63d-a11ab685cd8e;0a2f370d-cebd-4332-a984-c63d8ff86e79;efc9ed40-852f-40a2-86d4-f34a2d818f6a;Rue Antoine Drouilly;;4;;1;51576;Tours-sur-Marne;;;entrée;4.114457;49.048415;781468.08;6883745.98;;commune;2023-04-30
51576_xxxx_00004;5b079667-9610-498c-a63d-a11ab685cd8e;a275b169-19ae-478f-830e-b230fc849be5;25708f50-b471-4757-a797-81e5a85c38c5;Rue du Champ Rouen ZAC Côte des Noirs;;4;;1;51576;Tours-sur-Marne;;;entrée;4.139649;49.071112;783273.14;6886296.26;;commune;2024-10-30
51576_xxxx_00004_bis;5b079667-9610-498c-a63d-a11ab685cd8e;d39ab8b0-af28-4e45-8815-aea40c000bf6;1365b069-a992-4c7f-946e-98e41dd57480;Rue des Fossés;;4;bis;1;51576;Tours-sur-Marne;;;entrée;4.119867;49.048335;781863.69;6883742.64;;commune;2023-10-10
51576_xxxx_00004_bis;5b079667-9610-498c-a63d-a11ab685cd8e;d8222438-ede0-4a27-97ff-a131c03ab47b;e50bbe72-f7f2-4a8a-8c37-be216d3aae29;Rue du Bureau;;4;bis;1;51576;Tours-sur-Marne;;;entrée;4.120445;49.047521;781907.2;6883652.74;;commune;2023-04-24
51576_xxxx_00005;5b079667-9610-498c-a63d-a11ab685cd8e;fa68332f-3d1a-4743-873f-94a4dbbc4385;6f8e4803-741f-464d-9624-85dcb2da2b93;Rue du Pignon Bavard;;5;;1;51576;Tours-sur-Marne;;;entrée;4.122694;49.047801;782071.21;6883686.23;;commune;2023-11-02
51576_xxxx_00005;5b079667-9610-498c-a63d-a11ab685cd8e;608df17b-5d90-450a-85b3-d60558fb07d5;0d0d6169-13e8-41fd-a87e-2ae7698f297a;Rue du Docteur Rene Bursaux;;5;;1;51576;Tours-sur-Marne;;;entrée;4.116107;49.050514;781585.45;6883981.11;;commune;2023-04-28
51576_xxxx_00005;5b079667-9610-498c-a63d-a11ab685cd8e;76b004f2-749d-4034-828e-fbc4a0da7ead;703ca278-cc43-4fd5-9db1-e94355c27b60;Rue des Fossarts;;5;;1;51576;Tours-sur-Marne;;;entrée;4.115833;49.046839;781571.18;6883572.14;;commune;2023-04-30
51576_xxxx_00005;5b079667-9610-498c-a63d-a11ab685cd8e;cb342646-b867-4ca7-bdfd-3fd07a548f29;0708e79f-eaf6-4f96-879d-7a1d0d63ba8b;Rue de la Chenevrière;;5;;1;51576;Tours-sur-Marne;;;entrée;4.113301;49.049448;781381.98;6883859.59;;commune;2023-04-28
51576_xxxx_00005;5b079667-9610-498c-a63d-a11ab685cd8e;1ff75f78-11ac-41ea-a3f7-6c5dbbd1864e;1e8618f1-81d9-4ab3-95c2-8ff15080a252;Rue de Bisseuil;;5;;1;51576;Tours-sur-Marne;;;entrée;4.116648;49.047286;781630.04;6883622.67;;commune;2023-04-30
51576_xxxx_00005;5b079667-9610-498c-a63d-a11ab685cd8e;6f05b86b-cac5-40af-8966-2b0ee12601aa;a64be6a7-c131-4efb-bc8e-0c1e50f2cdd1;Rue du Chateau;;5;;1;51576;Tours-sur-Marne;;;entrée;4.124742;49.046822;782222.46;6883579.53;;commune;2023-05-31
51576_xxxx_00005;5b079667-9610-498c-a63d-a11ab685cd8e;4421e05c-e1fe-4729-8ab8-b2175d77d8dd;2a0396a5-c152-4843-a0de-02d66ab44809;Rue de l’Avenir;;5;;1;51576;Tours-sur-Marne;;;entrée;4.114016;49.048337;781436.02;6883736.83;;commune;2023-04-30
51576_xxxx_00005;5b079667-9610-498c-a63d-a11ab685cd8e;72082ec5-46b5-4f3b-a9e4-08bc0e61dc83;132b23bf-ebd9-4266-96f5-f72140801e5f;Rue Heurpé;;5;;1;51576;Tours-sur-Marne;;;entrée;4.121257;49.048118;781965.64;6883719.99;;commune;2023-02-01
51576_xxxx_00005;5b079667-9610-498c-a63d-a11ab685cd8e;ab2a3230-7fb7-4642-a6e4-ef2fb120f158;40569a02-7d17-439a-b678-d7ce42d2dc05;Chemin de Fontaine;;5;;1;51576;Tours-sur-Marne;;;entrée;4.118066;49.050529;781728.58;6883984.8;;commune;2023-04-30
51576_xxxx_00005;5b079667-9610-498c-a63d-a11ab685cd8e;9682e609-ed33-4f0e-83d3-1cac729fcce9;523c7293-d433-41f0-8e9a-c527ec86f09b;Rue du Touchet;;5;;1;51576;Tours-sur-Marne;;;entrée;4.120802;49.048414;781931.89;6883752.47;;commune;2023-02-01
51576_xxxx_00005;5b079667-9610-498c-a63d-a11ab685cd8e;8d5f6e36-f230-4cd3-8919-e5be53727c6a;fae8f297-e756-459c-af43-9eefdf686714;Impasse Saint-Antoine;;5;;1;51576;Tours-sur-Marne;;;entrée;4.124452;49.04747;782200.22;6883651.22;;commune;2023-04-24
51576_xxxx_00005;5b079667-9610-498c-a63d-a11ab685cd8e;08fcfd29-68cd-4543-ae7d-998fe93bd365;42f9649e-b608-4af9-90ad-c0cb480f53b3;Ruelle Devant Saint Maurice;;5;;1;51576;Tours-sur-Marne;;;entrée;4.119825;49.046855;781862.96;6883578.09;;commune;2023-10-10
51576_xxxx_00005;5b079667-9610-498c-a63d-a11ab685cd8e;09bc2c6e-65d3-412f-b6a7-e08ced903b5b;397715f7-ee55-45f0-a65d-8254b94f532c;Rue du Rempart Nord Ouest;;5;;1;51576;Tours-sur-Marne;;;entrée;4.115562;49.047717;781549.99;6883669.53;;commune;2023-04-30
51576_xxxx_00005;5b079667-9610-498c-a63d-a11ab685cd8e;27ab37dd-4fc7-477d-b53e-8396fb146895;09dedd24-864a-4195-b22a-b31cf2fe1a46;Rue du Rempart Est;;5;;1;51576;Tours-sur-Marne;;;entrée;4.1253;49.047328;782262.4;6883636.32;;commune;2023-04-30
51576_xxxx_00005;5b079667-9610-498c-a63d-a11ab685cd8e;2d445b45-1c0d-40cf-a639-961a5cb9dc56;0fb23620-1f97-4760-bf16-92da814a7d14;Rue de Crouy;;5;;1;51576;Tours-sur-Marne;;;entrée;4.116598;49.046831;781627.07;6883572.04;;commune;2025-10-16
51576_xxxx_00005;5b079667-9610-498c-a63d-a11ab685cd8e;a0479ecb-4080-4cb5-b441-61a71d39676a;bfa0f2e3-b7e5-4558-988a-9d9b4b5f1670;Rue Haute du Faubourg;;5;;1;51576;Tours-sur-Marne;;;entrée;4.126742;49.046839;782368.64;6883583.41;;commune;2023-05-31
51576_xxxx_00005;5b079667-9610-498c-a63d-a11ab685cd8e;87ac4974-dae5-4e53-ae04-b210c7818f77;0b8f410c-986e-4f7d-8445-b0feaed3ca2b;Rue des Moissons;;5;;1;51576;Tours-sur-Marne;;;entrée;4.125862;49.053144;782294.3;6884283.68;;commune;2023-03-20
51576_xxxx_00005;5b079667-9610-498c-a63d-a11ab685cd8e;c7ae8ba6-c5a2-4d8c-aa38-38e8d298179a;72e69b40-329c-4ea8-ad9c-05448a10a3d4;Rue de la Maladrie;;5;;1;51576;Tours-sur-Marne;;;entrée;4.112217;49.049755;781302.29;6883892.62;;commune;2023-04-28
51576_xxxx_00005;5b079667-9610-498c-a63d-a11ab685cd8e;336b6b1c-3f8f-4434-84ba-0ff46b3d9d95;e722301b-e02a-4b55-a36d-157508e7fd44;Rue du Rempart Nord;;5;;1;51576;Tours-sur-Marne;;;entrée;4.118667;49.048696;781775.41;6883781.59;;commune;2023-11-02
51576_xxxx_00005;5b079667-9610-498c-a63d-a11ab685cd8e;e0830dfc-21dc-47bb-8b9a-c7fd11bc085c;7f15b2df-4e07-47cc-9821-cf0dd1663ec2;Rue du Clos des Fourches;;5;;1;51576;Tours-sur-Marne;;;entrée;4.112875;49.050862;781348.63;6884016.5;;commune;2023-04-28
51576_xxxx_00005;5b079667-9610-498c-a63d-a11ab685cd8e;9af5e9be-16a3-4ce7-85ec-650548e82eed;513723e6-f33a-4a88-ab76-beb6ddd1ea08;Rue de la Vendange;;5;;1;51576;Tours-sur-Marne;;;entrée;4.124086;49.052867;782164.95;6884251.06;;commune;2023-03-20
51576_xxxx_00005;5b079667-9610-498c-a63d-a11ab685cd8e;4d2374b1-a3ba-4a64-aced-168089616838;d563b590-4a2e-40e9-93b5-36e1f357669f;Rue du Mont Brulé;;5;;1;51576;Tours-sur-Marne;;;entrée;4.109743;49.050621;781120.09;6883986.47;;commune;2023-04-28
51576_xxxx_00005;5b079667-9610-498c-a63d-a11ab685cd8e;8cd99c81-0bcd-4090-8632-720625dd342f;ba1f5af8-140f-45bd-a3db-cfcdc5f3fd6d;Rue de la Vieille Moterie;;5;;1;51576;Tours-sur-Marne;;;entrée;4.118267;49.048265;781746.85;6883733.2;;commune;2023-10-03
51576_xxxx_00005;5b079667-9610-498c-a63d-a11ab685cd8e;25441fdf-dca1-4f36-9a81-bea547909b10;449ea225-ae54-4cda-b1a3-ddd23eb0d97a;Rue du Buisson Jacquet;;5;;1;51576;Tours-sur-Marne;;;entrée;4.110463;49.0486;781175.85;6883762.38;;commune;2023-04-28
51576_xxxx_00005;5b079667-9610-498c-a63d-a11ab685cd8e;04fbb930-41df-4c6e-953c-906cfce884ca;906ad814-cebb-4a22-b0a7-31b069c073dd;Place Auguste Chauvet;;5;;1;51576;Tours-sur-Marne;;;entrée;4.12223;49.047187;782038.25;6883617.43;;commune;2023-03-20
51576_xxxx_00005;5b079667-9610-498c-a63d-a11ab685cd8e;de0dabc1-7b64-4fe2-b5cb-e390afd699a6;58508149-52a8-4a36-8c04-a038cfb2cee2;Rue Gaston Erling;;5;;1;51576;Tours-sur-Marne;;;entrée;4.117208;49.050908;781665.26;6884026.02;;commune;2023-04-30
51576_xxxx_00005;5b079667-9610-498c-a63d-a11ab685cd8e;db2e6a5f-ab85-45ea-b905-bd7344f5d498;fc969ef5-f229-4e7f-aedc-62198059b229;Rue de la Croix Saint Jacques;;5;;1;51576;Tours-sur-Marne;;;entrée;4.123867;49.052201;782149.94;6884176.74;;commune;2023-03-20
51576_xxxx_00005;5b079667-9610-498c-a63d-a11ab685cd8e;8901002c-8223-449a-8fed-4815676787e7;bdc36bd7-5450-4edf-a44b-ee4da4fe08ab;Rue Protain Gervais;;5;;1;51576;Tours-sur-Marne;;;entrée;4.122125;49.048338;782028.78;6883745.34;;commune;2023-11-02
51576_xxxx_00005;5b079667-9610-498c-a63d-a11ab685cd8e;e017243a-9fd0-47e6-bd76-75c6338220f5;9867a96f-a04e-4cd6-8e41-3b48602a91e5;Rue du Noyer Revey;;5;;1;51576;Tours-sur-Marne;;;entrée;4.121569;49.052244;781981.9;6884179.14;;commune;2023-04-30
51576_xxxx_00005;5b079667-9610-498c-a63d-a11ab685cd8e;7e70ff9f-6566-4d37-8352-abc86efbfd4e;04d93295-166a-441f-b5b8-b4f5d57457a7;Rue du Montcey;;5;;1;51576;Tours-sur-Marne;;;entrée;4.118017;49.047219;781730.2;6883616.61;;commune;2023-11-02
51576_xxxx_00005;5b079667-9610-498c-a63d-a11ab685cd8e;1f11309b-6168-4627-9f6c-5782146ae2a9;7148025f-239c-40aa-b24d-e4b14144e5a5;rue du Champ Chapon ZAC Côte des Noirs;;5;;1;51576;Tours-sur-Marne;;;entrée;4.142164;49.07185;783455.69;6886381.01;;commune;2023-01-31
51576_xxxx_00005;5b079667-9610-498c-a63d-a11ab685cd8e;4f806a35-9536-4620-a54f-a827427e7f58;b9bb80b8-16a8-4fda-9912-af18bdf82c82;Place Gondry;;5;;1;51576;Tours-sur-Marne;;;entrée;4.121994;49.049337;782017.56;6883856.34;;commune;2023-10-02
51576_xxxx_00005;5b079667-9610-498c-a63d-a11ab685cd8e;19f501ab-af65-43ec-b7b2-ae073dccc1b9;aa7449e1-3576-417a-8b70-8d24b9f004a0;Avenue de Champagne;;5;;1;51576;Tours-sur-Marne;;;entrée;4.115346;49.049632;781531.2;6883882.16;;commune;2023-10-03
51576_xxxx_00005;5b079667-9610-498c-a63d-a11ab685cd8e;cd61758b-1743-4c3c-8fc3-1e5d87884ca0;c72ff418-685b-41af-8165-45052744d496;Chemin de Bisseuil;;5;;1;51576;Tours-sur-Marne;;;entrée;4.114222;49.047533;781452.29;6883647.62;;commune;2023-04-30
51576_xxxx_00005;5b079667-9610-498c-a63d-a11ab685cd8e;430392c0-87c2-47d1-944c-248ca5611157;7b702946-b874-493e-8027-a76e38b8768b;Rue des Champs Tortus;;5;;1;51576;Tours-sur-Marne;;;entrée;4.110595;49.049956;781183.38;6883913.4;;commune;2023-04-28
51576_xxxx_00005;5b079667-9610-498c-a63d-a11ab685cd8e;eefa7375-4045-4f89-a16d-6769db5d98e2;790992fe-2f5b-497f-9774-83697c880edd;Rue de la Haie du Bois;;5;;1;51576;Tours-sur-Marne;;;entrée;4.113762;49.05051;781414.05;6883978.27;;commune;2023-04-28
51576_xxxx_00005;5b079667-9610-498c-a63d-a11ab685cd8e;a613ba3c-0a2e-4eec-a303-7e97f3538e08;4cc501bb-4f45-48e6-a6d8-9a70853ff145;Place Charles de Gaulle;;5;;1;51576;Tours-sur-Marne;;;entrée;4.119925;49.047271;781869.64;6883624.43;;commune;2023-12-20
51576_xxxx_00005;5b079667-9610-498c-a63d-a11ab685cd8e;37203a66-c8f1-4372-b0ef-7fb37d0af5ae;d7a1cf1e-a091-4b92-a7c6-2ce5c56646b0;Rue Basse du Faubourg;;5;;1;51576;Tours-sur-Marne;;;entrée;4.126391;49.046741;782343.1;6883572.2;;commune;2023-05-31
51576_xxxx_00005;5b079667-9610-498c-a63d-a11ab685cd8e;d8222438-ede0-4a27-97ff-a131c03ab47b;d25b86e2-6271-45cb-92f5-5869d9d0e549;Rue du Bureau;;5;;1;51576;Tours-sur-Marne;;;entrée;4.120204;49.0477;781889.3;6883672.43;;commune;2023-04-24
51576_xxxx_00005;5b079667-9610-498c-a63d-a11ab685cd8e;bb0f528d-f134-4951-835e-e50e3991aa02;9d46b4b7-7e36-43bd-b348-5a59ab0a521a;Rue des Bobines;;5;;1;51576;Tours-sur-Marne;;;entrée;4.113266;49.047686;781382.19;6883663.66;;commune;2023-01-31
51576_xxxx_00005;5b079667-9610-498c-a63d-a11ab685cd8e;b90100be-144e-4011-bd77-79033f2a3e2e;30d32d01-10d9-43be-ab46-9d28b823a364;Rue du Magasin;;5;;1;51576;Tours-sur-Marne;;;entrée;4.117792;49.046555;781714.79;6883542.58;;commune;2023-10-02
51576_xxxx_00005;5b079667-9610-498c-a63d-a11ab685cd8e;464d3d74-2b56-4a98-b286-752ae306d690;83eed3a8-8a9a-47ea-9344-ffa4fe5e3c36;Rue Saint-Maurice;;5;;1;51576;Tours-sur-Marne;;;entrée;4.11874;49.048145;781781.62;6883720.38;51576000AC0055;commune;2023-10-10
51576_xxxx_00005_a;5b079667-9610-498c-a63d-a11ab685cd8e;c1efbb74-068c-4740-9bb5-5a590349c14a;1c538d1c-374e-498c-8195-ac65714c2028;Rue Saint Antoine;;5;a;1;51576;Tours-sur-Marne;;;entrée;4.123501;49.047774;782130.25;6883684.02;;commune;2023-05-31
51576_xxxx_00005_b;5b079667-9610-498c-a63d-a11ab685cd8e;c1efbb74-068c-4740-9bb5-5a590349c14a;ae614881-d597-4b5d-880c-b263c8b80430;Rue Saint Antoine;;5;b;1;51576;Tours-sur-Marne;;;entrée;4.123487;49.047819;782129.11;6883689.06;;commune;2023-05-31
51576_xxxx_00005_bis;5b079667-9610-498c-a63d-a11ab685cd8e;eee5c522-7197-4536-b8ef-ecce80999641;435e251e-d166-4f64-97a0-3cfb04b36aef;Ruelle Saint-Maurice;;5;bis;1;51576;Tours-sur-Marne;;;entrée;4.119124;49.047138;781811.28;6883608.78;;commune;2024-09-24
51576_xxxx_00005_bis;5b079667-9610-498c-a63d-a11ab685cd8e;9682e609-ed33-4f0e-83d3-1cac729fcce9;88f4912c-d59a-42e8-be29-9164e22a0b7f;Rue du Touchet;;5;bis;1;51576;Tours-sur-Marne;;;entrée;4.12086;49.048464;781936.06;6883758.07;;commune;2023-02-01
51576_xxxx_00005_c;5b079667-9610-498c-a63d-a11ab685cd8e;c1efbb74-068c-4740-9bb5-5a590349c14a;071c7d13-4b2c-4c4d-8def-e5850ff8d09a;Rue Saint Antoine;;5;c;1;51576;Tours-sur-Marne;;;entrée;4.123478;49.047842;782128.41;6883691.57;;commune;2023-05-31
51576_xxxx_00005_d;5b079667-9610-498c-a63d-a11ab685cd8e;c1efbb74-068c-4740-9bb5-5a590349c14a;55971a35-dede-4897-a058-fe7cc429c5ef;Rue Saint Antoine;;5;d;1;51576;Tours-sur-Marne;;;entrée;4.123476;49.047879;782128.22;6883695.69;;commune;2023-05-31
51576_xxxx_00005_e;5b079667-9610-498c-a63d-a11ab685cd8e;c1efbb74-068c-4740-9bb5-5a590349c14a;846a0fbc-69fb-4699-83b1-85d8aae5d9a0;Rue Saint Antoine;;5;e;1;51576;Tours-sur-Marne;;;entrée;4.123467;49.047905;782127.51;6883698.6;;commune;2023-05-31
51576_xxxx_00005_f;5b079667-9610-498c-a63d-a11ab685cd8e;c1efbb74-068c-4740-9bb5-5a590349c14a;8459b789-8ef6-467a-86c5-ada851a87331;Rue Saint Antoine;;5;f;1;51576;Tours-sur-Marne;;;entrée;4.123449;49.04794;782126.12;6883702.44;;commune;2023-05-31
51576_xxxx_00005_g;5b079667-9610-498c-a63d-a11ab685cd8e;c1efbb74-068c-4740-9bb5-5a590349c14a;207a3bf0-a9b3-4bb4-b833-3ca3c7945c55;Rue Saint Antoine;;5;g;1;51576;Tours-sur-Marne;;;entrée;4.123449;49.047971;782126.07;6883705.89;;commune;2023-05-31
51576_xxxx_00006;5b079667-9610-498c-a63d-a11ab685cd8e;c2de8fcb-ea1e-4d36-8c74-60109f4ff1e6;39057333-c234-4a22-b150-fa2d302d1e14;Rue du Pont;;6;;1;51576;Tours-sur-Marne;;;entrée;4.119297;49.046449;781825.03;6883532.39;;commune;2023-10-10
51576_xxxx_00006;5b079667-9610-498c-a63d-a11ab685cd8e;8cd99c81-0bcd-4090-8632-720625dd342f;14c5a082-5a82-4e4d-b200-fac96ed5e36b;Rue de la Vieille Moterie;;6;;1;51576;Tours-sur-Marne;;;entrée;4.118417;49.048343;781757.66;6883742.1;;commune;2023-10-03
51576_xxxx_00006;5b079667-9610-498c-a63d-a11ab685cd8e;608df17b-5d90-450a-85b3-d60558fb07d5;b2748df2-10df-45b5-bb8b-5b97f3637f4f;Rue du Docteur Rene Bursaux;;6;;1;51576;Tours-sur-Marne;;;entrée;4.116587;49.050401;781620.67;6883968.97;;commune;2023-04-28
51576_xxxx_00006;5b079667-9610-498c-a63d-a11ab685cd8e;27ab37dd-4fc7-477d-b53e-8396fb146895;0523b33e-47d8-4151-8d8e-3cc751698593;Rue du Rempart Est;;6;;1;51576;Tours-sur-Marne;;;entrée;4.125566;49.047443;782281.66;6883649.39;;commune;2023-04-30
51576_xxxx_00006;5b079667-9610-498c-a63d-a11ab685cd8e;0a2f370d-cebd-4332-a984-c63d8ff86e79;d2d0490d-77c6-49ed-8802-084789a062e6;Rue Antoine Drouilly;;6;;1;51576;Tours-sur-Marne;;;entrée;4.114576;49.048563;781476.6;6883762.59;;commune;2023-04-30
51576_xxxx_00006;5b079667-9610-498c-a63d-a11ab685cd8e;9af5e9be-16a3-4ce7-85ec-650548e82eed;4b85d925-fcfe-48dd-aa36-96f8f9e72194;Rue de la Vendange;;6;;1;51576;Tours-sur-Marne;;;entrée;4.125012;49.052983;782232.4;6884264.88;;commune;2023-03-20
51576_xxxx_00006;5b079667-9610-498c-a63d-a11ab685cd8e;430392c0-87c2-47d1-944c-248ca5611157;33b3dd1b-6fc0-4af0-a16b-51f214a1f937;Rue des Champs Tortus;;6;;1;51576;Tours-sur-Marne;;;entrée;4.110707;49.049839;781191.8;6883900.49;;commune;2023-04-28
51576_xxxx_00006;5b079667-9610-498c-a63d-a11ab685cd8e;ae8cae80-aa95-4166-a6bb-b3fbd17f6112;8bb68ae4-8267-4b23-9dce-5cee31f76ba0;Chemin Rural de Bisseuil;;6;;1;51576;Tours-sur-Marne;;;entrée;4.108018;49.045234;781002.45;6883385.57;;commune;2023-10-03
51576_xxxx_00006;5b079667-9610-498c-a63d-a11ab685cd8e;87e03631-c5ef-49f3-bae4-16832393658b;96f9643f-719f-425d-8e38-d0bfd00683b5;Rue de l’Eglise;;6;;1;51576;Tours-sur-Marne;;;entrée;4.123045;49.04666;782098.64;6883559.74;;commune;2023-04-24
51576_xxxx_00006;5b079667-9610-498c-a63d-a11ab685cd8e;de0dabc1-7b64-4fe2-b5cb-e390afd699a6;b1d2b25e-af14-4a0d-835b-8d6ab5c0d715;Rue Gaston Erling;;6;;1;51576;Tours-sur-Marne;;;entrée;4.116972;49.05121;781647.56;6884059.36;;commune;2023-04-30
51576_xxxx_00006;5b079667-9610-498c-a63d-a11ab685cd8e;42d46af1-9d55-45f2-be82-3bbbec98ec06;2593083a-5e52-4af5-b4ed-1adb9ec11e91;Impasse du Bureau;;6;;1;51576;Tours-sur-Marne;;;entrée;4.119626;49.04792;781846.77;6883696.21;;commune;2023-03-20
51576_xxxx_00006;5b079667-9610-498c-a63d-a11ab685cd8e;72082ec5-46b5-4f3b-a9e4-08bc0e61dc83;a9d4b3d9-717b-483e-ac0b-096137245c27;Rue Heurpé;;6;;1;51576;Tours-sur-Marne;;;entrée;4.121619;49.047669;781992.83;6883670.45;;commune;2023-02-01
51576_xxxx_00006;5b079667-9610-498c-a63d-a11ab685cd8e;a0479ecb-4080-4cb5-b441-61a71d39676a;a3f5d978-e5dd-4849-897c-75112e2e4c46;Rue Haute du Faubourg;;6;;1;51576;Tours-sur-Marne;;;entrée;4.127119;49.046649;782396.49;6883562.73;;commune;2023-12-20
51576_xxxx_00006;5b079667-9610-498c-a63d-a11ab685cd8e;c7ae8ba6-c5a2-4d8c-aa38-38e8d298179a;188c9089-13b0-4c3c-b841-01e0d888b7f5;Rue de la Maladrie;;6;;1;51576;Tours-sur-Marne;;;entrée;4.111834;49.050255;781273.49;6883947.83;;commune;2023-04-28
51576_xxxx_00006;5b079667-9610-498c-a63d-a11ab685cd8e;b90100be-144e-4011-bd77-79033f2a3e2e;253f8fa8-0da2-426b-bc28-e11facb4c435;Rue du Magasin;;6;;1;51576;Tours-sur-Marne;;;entrée;4.117735;49.046949;781710.03;6883586.32;;commune;2023-10-02
51576_xxxx_00006;5b079667-9610-498c-a63d-a11ab685cd8e;7e70ff9f-6566-4d37-8352-abc86efbfd4e;8098784f-7d52-48c3-8a18-0c65f1cbf411;Rue du Montcey;;6;;1;51576;Tours-sur-Marne;;;entrée;4.118241;49.047329;781746.4;6883629.16;;commune;2023-11-02
51576_xxxx_00006;5b079667-9610-498c-a63d-a11ab685cd8e;a275b169-19ae-478f-830e-b230fc849be5;c676dabb-626e-49c8-9d29-9169daef90c3;Rue du Champ Rouen ZAC Côte des Noirs;;6;;1;51576;Tours-sur-Marne;;;entrée;4.139853;49.071451;783287.49;6886334.18;;commune;2023-10-10
51576_xxxx_00006;5b079667-9610-498c-a63d-a11ab685cd8e;37203a66-c8f1-4372-b0ef-7fb37d0af5ae;82c5586a-2379-4dd5-9f88-43936eb0e4d2;Rue Basse du Faubourg;;6;;1;51576;Tours-sur-Marne;;;entrée;4.125331;49.046615;782265.79;6883557.06;;commune;2023-05-31
51576_xxxx_00006;5b079667-9610-498c-a63d-a11ab685cd8e;4d2374b1-a3ba-4a64-aced-168089616838;7acb6cec-bfe8-4775-953d-3fbe61880cba;Rue du Mont Brulé;;6;;1;51576;Tours-sur-Marne;;;entrée;4.110305;49.050602;781161.18;6883984.85;;commune;2023-04-28
51576_xxxx_00006;5b079667-9610-498c-a63d-a11ab685cd8e;12f00825-2093-4b88-a9b8-7f6e11e02ae3;6fc4e510-5a2a-4df2-8c94-0c86bf026e36;Rue de la Garde;;6;;1;51576;Tours-sur-Marne;;;entrée;4.119608;49.050325;781841.59;6883963.7;;commune;2023-04-30
51576_xxxx_00006;5b079667-9610-498c-a63d-a11ab685cd8e;4421e05c-e1fe-4729-8ab8-b2175d77d8dd;3bc9b2bc-f350-4a8f-8e14-ed4c3792759e;Rue de l’Avenir;;6;;1;51576;Tours-sur-Marne;;;entrée;4.114004;49.048814;781434.41;6883789.92;;commune;2023-04-30
51576_xxxx_00006;5b079667-9610-498c-a63d-a11ab685cd8e;cb342646-b867-4ca7-bdfd-3fd07a548f29;0ab6af66-9c3c-45df-a4dc-d1ed54dfe684;Rue de la Chenevrière;;6;;1;51576;Tours-sur-Marne;;;entrée;4.113457;49.049877;781392.73;6883907.55;;commune;2023-04-28
51576_xxxx_00006;5b079667-9610-498c-a63d-a11ab685cd8e;09bc2c6e-65d3-412f-b6a7-e08ced903b5b;59537c90-ef7d-446f-8a2b-e591b8beb5ff;Rue du Rempart Nord Ouest;;6;;1;51576;Tours-sur-Marne;;;entrée;4.116331;49.048214;781605.39;6883725.58;;commune;2023-11-02
51576_xxxx_00006;5b079667-9610-498c-a63d-a11ab685cd8e;19f501ab-af65-43ec-b7b2-ae073dccc1b9;e7f61f75-9d94-4c0c-bf0e-44963c2cd1c6;Avenue de Champagne;;6;;1;51576;Tours-sur-Marne;;;entrée;4.116325;49.049672;781602.7;6883887.64;;commune;2023-10-05
51576_xxxx_00006;5b079667-9610-498c-a63d-a11ab685cd8e;4f806a35-9536-4620-a54f-a827427e7f58;c3d5f89b-8f27-46f6-bdff-d3c9afa3b041;Place Gondry;;6;;1;51576;Tours-sur-Marne;;;entrée;4.121953;49.049478;782014.39;6883871.96;;commune;2023-10-02
51576_xxxx_00006;5b079667-9610-498c-a63d-a11ab685cd8e;d8222438-ede0-4a27-97ff-a131c03ab47b;a0285012-5d76-4cde-aaec-631290e80b2e;Rue du Bureau;;6;;1;51576;Tours-sur-Marne;;;entrée;4.120422;49.047703;781905.25;6883672.91;;commune;2023-04-24
51576_xxxx_00006;5b079667-9610-498c-a63d-a11ab685cd8e;336b6b1c-3f8f-4434-84ba-0ff46b3d9d95;ef9d2ee9-f905-468c-8520-fa042995155a;Rue du Rempart Nord;;6;;1;51576;Tours-sur-Marne;;;entrée;4.118559;49.048593;781767.72;6883769.95;;commune;2023-11-02
51576_xxxx_00006;5b079667-9610-498c-a63d-a11ab685cd8e;2d445b45-1c0d-40cf-a639-961a5cb9dc56;c75e889f-75d7-4463-83f5-5f6068390862;Rue de Crouy;;6;;1;51576;Tours-sur-Marne;;;entrée;4.116512;49.047012;781620.51;6883592.06;;commune;2023-04-30
51576_xxxx_00006;5b079667-9610-498c-a63d-a11ab685cd8e;eefa7375-4045-4f89-a16d-6769db5d98e2;0e057e15-9379-4921-af71-9b086e9323da;Rue de la Haie du Bois;;6;;1;51576;Tours-sur-Marne;;;entrée;4.114154;49.050068;781443.4;6883929.46;;commune;2023-04-28
51576_xxxx_00006;5b079667-9610-498c-a63d-a11ab685cd8e;f6e931c0-6d12-4160-8feb-3ba15ec70d1f;8d53aecc-2739-4ad4-981d-ce2ead16ad90;Rue André Chassigneux;;6;;1;51576;Tours-sur-Marne;;;entrée;4.11518;49.048127;781521.42;6883714.69;;commune;2023-04-30
51576_xxxx_00006;5b079667-9610-498c-a63d-a11ab685cd8e;c1efbb74-068c-4740-9bb5-5a590349c14a;e9f4bbc9-a462-4632-b8eb-efaada6b15f7;Rue Saint Antoine;;6;;1;51576;Tours-sur-Marne;;;entrée;4.123678;49.047732;782143.23;6883679.59;;commune;2023-05-31
51576_xxxx_00006;5b079667-9610-498c-a63d-a11ab685cd8e;802547a2-0e65-48d9-8876-339c8ceefca4;19ca36ed-c040-4894-9ebf-0e891c8b1f28;Rue du Cbr;;6;;1;51576;Tours-sur-Marne;;;entrée;4.116026;49.051975;781577.19;6884143.45;;commune;2023-04-28
51576_xxxx_00006;5b079667-9610-498c-a63d-a11ab685cd8e;719549f3-66a1-4298-b23a-32bddf71eb26;8fc94d35-1fdb-49a6-a2ff-b7ce6cd5ed99;Rue Adeline Savey;;6;;1;51576;Tours-sur-Marne;;;entrée;4.127387;49.046829;782415.74;6883582.99;;commune;2024-02-05
51576_xxxx_00006;5b079667-9610-498c-a63d-a11ab685cd8e;e0830dfc-21dc-47bb-8b9a-c7fd11bc085c;eda3fcb3-b3e9-46de-87f9-e8650e3629d1;Rue du Clos des Fourches;;6;;1;51576;Tours-sur-Marne;;;entrée;4.112526;49.051395;781322.27;6884075.34;;commune;2023-04-28
51576_xxxx_00006;5b079667-9610-498c-a63d-a11ab685cd8e;db2e6a5f-ab85-45ea-b905-bd7344f5d498;4bc7b048-aa4f-4ffc-beb1-c3cb196c5a5f;Rue de la Croix Saint Jacques;;6;;1;51576;Tours-sur-Marne;;;entrée;4.124694;49.052485;782209.93;6884209.16;;commune;2023-03-20
51576_xxxx_00006;5b079667-9610-498c-a63d-a11ab685cd8e;8901002c-8223-449a-8fed-4815676787e7;d458bb58-235a-4401-b8db-7cda1acecc88;Rue Protain Gervais;;6;;1;51576;Tours-sur-Marne;;;entrée;4.122316;49.048029;782043.18;6883711.2;;commune;2023-11-02
51576_xxxx_00006;5b079667-9610-498c-a63d-a11ab685cd8e;fa68332f-3d1a-4743-873f-94a4dbbc4385;4722a902-d928-4042-bac7-589291a270e6;Rue du Pignon Bavard;;6;;1;51576;Tours-sur-Marne;;;entrée;4.122992;49.047507;782093.41;6883653.8;;commune;2023-10-02
51576_xxxx_00006;5b079667-9610-498c-a63d-a11ab685cd8e;1f11309b-6168-4627-9f6c-5782146ae2a9;6fe46392-23bb-4370-bd52-ab181ae4afea;rue du Champ Chapon ZAC Côte des Noirs;;6;;1;51576;Tours-sur-Marne;;;entrée;4.141943;49.07188;783439.5;6886384.05;;commune;2023-01-31
51576_xxxx_00006;5b079667-9610-498c-a63d-a11ab685cd8e;d39ab8b0-af28-4e45-8815-aea40c000bf6;50c46697-e641-4d16-ae8d-ab292b7cb6ae;Rue des Fossés;;6;;1;51576;Tours-sur-Marne;;;entrée;4.119701;49.048382;781851.49;6883747.7;;commune;2023-10-10
51576_xxxx_00006;5b079667-9610-498c-a63d-a11ab685cd8e;a613ba3c-0a2e-4eec-a303-7e97f3538e08;4481cd48-1a5c-4fe2-a18a-565b9fbb4da4;Place Charles de Gaulle;;6;;1;51576;Tours-sur-Marne;;;entrée;4.119845;49.047055;781864.13;6883600.32;;commune;2023-03-20
51576_xxxx_00006;5b079667-9610-498c-a63d-a11ab685cd8e;25441fdf-dca1-4f36-9a81-bea547909b10;504db002-6d56-4eec-bd1d-59b5a7ebe99b;Rue du Buisson Jacquet;;6;;1;51576;Tours-sur-Marne;;;entrée;4.110269;49.049167;781160.82;6883825.28;;commune;2023-04-28
51576_xxxx_00007;5b079667-9610-498c-a63d-a11ab685cd8e;4f806a35-9536-4620-a54f-a827427e7f58;91b8e13e-30cf-4fbc-a15d-8df0ffa2de92;Place Gondry;;7;;1;51576;Tours-sur-Marne;;;entrée;4.121771;49.049619;782000.86;6883887.41;;commune;2023-10-02
51576_xxxx_00007;5b079667-9610-498c-a63d-a11ab685cd8e;09bc2c6e-65d3-412f-b6a7-e08ced903b5b;e43cacd1-1d3f-4209-8fd3-7e22c552e548;Rue du Rempart Nord Ouest;;7;;1;51576;Tours-sur-Marne;;;entrée;4.115684;49.047828;781558.71;6883681.93;;commune;2023-04-30
51576_xxxx_00007;5b079667-9610-498c-a63d-a11ab685cd8e;4421e05c-e1fe-4729-8ab8-b2175d77d8dd;466c90ff-4486-43ed-b168-15d8dab0b75b;Rue de l’Avenir;;7;;1;51576;Tours-sur-Marne;;;entrée;4.113994;49.048398;781434.33;6883743.55;;commune;2023-04-30
51576_xxxx_00007;5b079667-9610-498c-a63d-a11ab685cd8e;7e70ff9f-6566-4d37-8352-abc86efbfd4e;df3b94c3-a283-40c4-8498-feb980786b2f;Rue du Montcey;;7;;1;51576;Tours-sur-Marne;;;entrée;4.117844;49.047211;781717.57;6883615.55;;commune;2023-11-02
51576_xxxx_00007;5b079667-9610-498c-a63d-a11ab685cd8e;1f11309b-6168-4627-9f6c-5782146ae2a9;0ca72606-0cde-46f2-9f42-d90c987c21ca;rue du Champ Chapon ZAC Côte des Noirs;;7;;1;51576;Tours-sur-Marne;;;entrée;4.142627;49.071491;783490.07;6886341.56;;commune;2023-01-31
51576_xxxx_00007;5b079667-9610-498c-a63d-a11ab685cd8e;e017243a-9fd0-47e6-bd76-75c6338220f5;3ceff9c8-6151-48d7-84ea-2fc969e7c496;Rue du Noyer Revey;;7;;1;51576;Tours-sur-Marne;;;délivrance postale;4.121467;49.052456;781974.17;6884202.56;;commune;2023-04-30
51576_xxxx_00007;5b079667-9610-498c-a63d-a11ab685cd8e;25441fdf-dca1-4f36-9a81-bea547909b10;45ed3a74-59e1-4874-9ed8-0d7896f22790;Rue du Buisson Jacquet;;7;;1;51576;Tours-sur-Marne;;;entrée;4.110739;49.048669;781195.91;6883770.38;;commune;2023-04-28
51576_xxxx_00007;5b079667-9610-498c-a63d-a11ab685cd8e;c1efbb74-068c-4740-9bb5-5a590349c14a;3894ff2b-bf3a-4c32-bb9a-44980c0f99a6;Rue Saint Antoine;;7;;1;51576;Tours-sur-Marne;;;entrée;4.123397;49.048106;782122.08;6883720.83;;commune;2023-11-02
51576_xxxx_00007;5b079667-9610-498c-a63d-a11ab685cd8e;27ab37dd-4fc7-477d-b53e-8396fb146895;3f54cfa1-5d5d-4aa5-85e9-66fc2cae847f;Rue du Rempart Est;;7;;1;51576;Tours-sur-Marne;;;entrée;4.125376;49.047612;782267.57;6883667.97;;commune;2023-04-30
51576_xxxx_00007;5b079667-9610-498c-a63d-a11ab685cd8e;72082ec5-46b5-4f3b-a9e4-08bc0e61dc83;93ebad95-7a0d-4177-a0d4-847356f4ca99;Rue Heurpé;;7;;1;51576;Tours-sur-Marne;;;entrée;4.121125;49.048404;781955.55;6883751.65;;commune;2023-02-01
51576_xxxx_00007;5b079667-9610-498c-a63d-a11ab685cd8e;cb342646-b867-4ca7-bdfd-3fd07a548f29;aa3422f4-2607-4f30-b542-426c099966d0;Rue de la Chenevrière;;7;;1;51576;Tours-sur-Marne;;;entrée;4.113149;49.049451;781370.87;6883859.78;51576000ZY0079;commune;2023-04-28
51576_xxxx_00007;5b079667-9610-498c-a63d-a11ab685cd8e;8d5f6e36-f230-4cd3-8919-e5be53727c6a;2e2aa14f-1686-41c8-ba75-7dd3fa6af8f7;Impasse Saint-Antoine;;7;;1;51576;Tours-sur-Marne;;;entrée;4.124528;49.047486;782205.72;6883653.12;;commune;2023-04-24
51576_xxxx_00007;5b079667-9610-498c-a63d-a11ab685cd8e;ab2a3230-7fb7-4642-a6e4-ef2fb120f158;cd522fea-529c-4fb3-9834-4cd49936e746;Chemin de Fontaine;;7;;1;51576;Tours-sur-Marne;;;entrée;4.117992;49.050655;781722.96;6883998.69;;commune;2023-04-30
51576_xxxx_00007;5b079667-9610-498c-a63d-a11ab685cd8e;19f501ab-af65-43ec-b7b2-ae073dccc1b9;f79f12a4-4621-474f-a362-cc085241bca2;Avenue de Champagne;;7;;1;51576;Tours-sur-Marne;;;entrée;4.11564;49.049709;781552.57;6883891.13;;commune;2023-10-03
51576_xxxx_00007;5b079667-9610-498c-a63d-a11ab685cd8e;6f05b86b-cac5-40af-8966-2b0ee12601aa;87932007-ff39-4a26-ba7d-c0fe88de38be;Rue du Chateau;;7;;1;51576;Tours-sur-Marne;;;entrée;4.124944;49.046794;782237.24;6883576.54;;commune;2023-11-02
51576_xxxx_00007;5b079667-9610-498c-a63d-a11ab685cd8e;8901002c-8223-449a-8fed-4815676787e7;e2a2c61b-313f-4549-8f57-d0c4cb3240e1;Rue Protain Gervais;;7;;1;51576;Tours-sur-Marne;;;entrée;4.122102;49.048412;782026.98;6883753.58;;commune;2023-11-02
51576_xxxx_00007;5b079667-9610-498c-a63d-a11ab685cd8e;fa68332f-3d1a-4743-873f-94a4dbbc4385;274982e5-e72e-4f4a-a9e7-eb9b17243366;Rue du Pignon Bavard;;7;;1;51576;Tours-sur-Marne;;;entrée;4.122723;49.047572;782073.69;6883660.73;;commune;2023-10-02
51576_xxxx_00007;5b079667-9610-498c-a63d-a11ab685cd8e;76b004f2-749d-4034-828e-fbc4a0da7ead;087d7689-c124-448f-af87-9f69418de23a;Rue des Fossarts;;7;;1;51576;Tours-sur-Marne;;;entrée;4.115907;49.047073;781576.24;6883598.22;;commune;2023-04-30
51576_xxxx_00007;5b079667-9610-498c-a63d-a11ab685cd8e;08fcfd29-68cd-4543-ae7d-998fe93bd365;6bd4c3a2-6692-44f4-82aa-c26d61d15a3f;Ruelle Devant Saint Maurice;;7;;1;51576;Tours-sur-Marne;;;entrée;4.119811;49.046778;781862.02;6883569.49;;commune;2023-10-10
51576_xxxx_00007;5b079667-9610-498c-a63d-a11ab685cd8e;bb0f528d-f134-4951-835e-e50e3991aa02;58123094-df7c-478c-bbbe-b0807d1a6a0e;Rue des Bobines;;7;;1;51576;Tours-sur-Marne;;;entrée;4.113628;49.047392;781409.11;6883631.37;;commune;2023-01-31
51576_xxxx_00007;5b079667-9610-498c-a63d-a11ab685cd8e;2d445b45-1c0d-40cf-a639-961a5cb9dc56;53b44348-e328-44c6-8023-b9197ac14664;Rue de Crouy;;7;;1;51576;Tours-sur-Marne;;;entrée;4.116263;49.046591;781603.01;6883545.05;;commune;2025-10-16
51576_xxxx_00007;5b079667-9610-498c-a63d-a11ab685cd8e;1ff75f78-11ac-41ea-a3f7-6c5dbbd1864e;c61e33bd-fc84-49d5-829c-c29e45767937;Rue de Bisseuil;;7;;1;51576;Tours-sur-Marne;;;entrée;4.115574;49.047285;781551.51;6883621.46;;commune;2023-10-10
51576_xxxx_00007;5b079667-9610-498c-a63d-a11ab685cd8e;87ac4974-dae5-4e53-ae04-b210c7818f77;db7e1939-4229-4292-8cc4-08442bc35143;Rue des Moissons;;7;;1;51576;Tours-sur-Marne;;;entrée;4.125917;49.053317;782298;6884302.93;;commune;2023-03-20
51576_xxxx_00007;5b079667-9610-498c-a63d-a11ab685cd8e;9af5e9be-16a3-4ce7-85ec-650548e82eed;f6cac1bc-6449-40bf-af6b-58eac2e20693;Rue de la Vendange;;7;;1;51576;Tours-sur-Marne;;;entrée;4.124084;49.052938;782164.66;6884258.87;;commune;2023-03-20
51576_xxxx_00007;5b079667-9610-498c-a63d-a11ab685cd8e;de0dabc1-7b64-4fe2-b5cb-e390afd699a6;36837c46-b17e-4881-afbd-00e9da67fef3;Rue Gaston Erling;;7;;1;51576;Tours-sur-Marne;;;entrée;4.117031;49.051016;781652.14;6884037.87;;commune;2023-04-30
51576_xxxx_00007;5b079667-9610-498c-a63d-a11ab685cd8e;9682e609-ed33-4f0e-83d3-1cac729fcce9;530189cb-5eba-4db4-8cef-f53563b638c3;Rue du Touchet;;7;;1;51576;Tours-sur-Marne;;;entrée;4.120946;49.048533;781942.27;6883765.8;;commune;2023-02-01
51576_xxxx_00007;5b079667-9610-498c-a63d-a11ab685cd8e;04fbb930-41df-4c6e-953c-906cfce884ca;067a3248-95b0-44a9-9928-2ce786be0ba8;Place Auguste Chauvet;;7;;1;51576;Tours-sur-Marne;;;entrée;4.122262;49.047048;782040.81;6883602.08;;commune;2023-03-20
51576_xxxx_00007;5b079667-9610-498c-a63d-a11ab685cd8e;83527ad4-93c7-4fc0-8043-1995c33cc4bd;dbb86f98-3af1-4db5-a66c-49b3236f33e8;Ruelle des Fossarts;;7;;1;51576;Tours-sur-Marne;;;entrée;4.115517;49.047185;781547.51;6883610.33;;commune;2023-10-10
51576_xxxx_00007;5b079667-9610-498c-a63d-a11ab685cd8e;e0830dfc-21dc-47bb-8b9a-c7fd11bc085c;4e16fd83-4485-4e7f-93b8-89d3cf21ed02;Rue du Clos des Fourches;;7;;1;51576;Tours-sur-Marne;;;entrée;4.112981;49.050729;781356.58;6884001.77;;commune;2023-04-28
51576_xxxx_00007;5b079667-9610-498c-a63d-a11ab685cd8e;430392c0-87c2-47d1-944c-248ca5611157;98878b05-68d8-423c-b5fd-51d1e81012fd;Rue des Champs Tortus;;7;;1;51576;Tours-sur-Marne;;;entrée;4.110212;49.049884;781155.54;6883904.96;;commune;2023-04-28
51576_xxxx_00007;5b079667-9610-498c-a63d-a11ab685cd8e;608df17b-5d90-450a-85b3-d60558fb07d5;cb9f5c5e-15c6-4332-88d1-ce86c0ff39ea;Rue du Docteur Rene Bursaux;;7;;1;51576;Tours-sur-Marne;;;entrée;4.115827;49.050712;781564.63;6884002.82;;commune;2023-04-28
51576_xxxx_00007;5b079667-9610-498c-a63d-a11ab685cd8e;8cd99c81-0bcd-4090-8632-720625dd342f;83a1b188-f6a6-4bf7-a488-582d8d3afb0e;Rue de la Vieille Moterie;;7;;1;51576;Tours-sur-Marne;;;entrée;4.118023;49.048239;781729.08;6883730.13;;commune;2023-01-31
51576_xxxx_00007;5b079667-9610-498c-a63d-a11ab685cd8e;336b6b1c-3f8f-4434-84ba-0ff46b3d9d95;4cfa7f5e-7361-4f28-8f81-d573eeb01bd0;Rue du Rempart Nord;;7;;1;51576;Tours-sur-Marne;;;entrée;4.119144;49.048709;781810.29;6883783.46;;commune;2023-11-02
51576_xxxx_00007;5b079667-9610-498c-a63d-a11ab685cd8e;fed23f22-adaa-435d-8cc3-bae702861845;977ba629-6715-4d4f-8f71-2e508677c34c;Rue de Condé;;7;;1;51576;Tours-sur-Marne;;;entrée;4.123875;49.048353;782156.67;6883748.78;;commune;2023-10-02
51576_xxxx_00007;5b079667-9610-498c-a63d-a11ab685cd8e;db2e6a5f-ab85-45ea-b905-bd7344f5d498;677d372e-49c2-4544-b3bd-6c4b029d5967;Rue de la Croix Saint Jacques;;7;;1;51576;Tours-sur-Marne;;;entrée;4.124123;49.052258;782168.56;6884183.39;;commune;2023-03-20
51576_xxxx_00007;5b079667-9610-498c-a63d-a11ab685cd8e;c7ae8ba6-c5a2-4d8c-aa38-38e8d298179a;3c255b0d-b0e0-4e68-8512-b2f05048e794;Rue de la Maladrie;;7;;1;51576;Tours-sur-Marne;;;entrée;4.111989;49.0504;781284.59;6883964.13;;commune;2023-04-28
51576_xxxx_00007;5b079667-9610-498c-a63d-a11ab685cd8e;eefa7375-4045-4f89-a16d-6769db5d98e2;0b504ac6-d64a-4104-969d-b667fe6148ab;Rue de la Haie du Bois;;7;;1;51576;Tours-sur-Marne;;;entrée;4.113684;49.050675;781408.04;6883996.53;;commune;2023-04-28
51576_xxxx_00007;5b079667-9610-498c-a63d-a11ab685cd8e;eee5c522-7197-4536-b8ef-ecce80999641;45e2259f-a8ab-426c-864e-29bb36686175;Ruelle Saint-Maurice;;7;;1;51576;Tours-sur-Marne;;;entrée;4.119045;49.046854;781805.93;6883577.13;;commune;2023-10-10
51576_xxxx_00008;5b079667-9610-498c-a63d-a11ab685cd8e;19f501ab-af65-43ec-b7b2-ae073dccc1b9;3769d59f-bb54-437a-9a78-dcd19f7d70b6;Avenue de Champagne;;8;;1;51576;Tours-sur-Marne;;;entrée;4.116564;49.049676;781620.16;6883888.41;;commune;2023-10-05
51576_xxxx_00008;5b079667-9610-498c-a63d-a11ab685cd8e;0a2f370d-cebd-4332-a984-c63d8ff86e79;5ca28981-42fa-4db6-b8c8-958f0e9a580b;Rue Antoine Drouilly;;8;;1;51576;Tours-sur-Marne;;;entrée;4.114664;49.048687;781482.8;6883776.4;;commune;2023-04-30
51576_xxxx_00008;5b079667-9610-498c-a63d-a11ab685cd8e;a275b169-19ae-478f-830e-b230fc849be5;167c8361-60f8-4ff7-9ba9-f5a1d0d5487e;Rue du Champ Rouen ZAC Côte des Noirs;;8;;1;51576;Tours-sur-Marne;;;entrée;4.140096;49.071776;783304.75;6886370.59;;commune;2023-01-31
51576_xxxx_00008;5b079667-9610-498c-a63d-a11ab685cd8e;719549f3-66a1-4298-b23a-32bddf71eb26;d8ec34cd-68f8-4e81-8ab2-06256f809f01;Rue Adeline Savey;;8;;1;51576;Tours-sur-Marne;;;entrée;4.127391;49.046968;782415.84;6883598.48;;commune;2024-02-05
51576_xxxx_00008;5b079667-9610-498c-a63d-a11ab685cd8e;802547a2-0e65-48d9-8876-339c8ceefca4;dd281f0a-67d5-42e0-b554-9f56cad144f4;Rue du Cbr;;8;;1;51576;Tours-sur-Marne;;;entrée;4.116154;49.052095;781586.35;6884156.91;;commune;2023-04-28
51576_xxxx_00008;5b079667-9610-498c-a63d-a11ab685cd8e;d39ab8b0-af28-4e45-8815-aea40c000bf6;0e03bc72-d059-4c6f-8261-b27302680c50;Rue des Fossés;;8;;1;51576;Tours-sur-Marne;;;entrée;4.119068;49.04845;781805.13;6883754.68;;commune;2023-10-10
51576_xxxx_00008;5b079667-9610-498c-a63d-a11ab685cd8e;37203a66-c8f1-4372-b0ef-7fb37d0af5ae;8b66f03c-034b-4ff6-a735-85a751cbf9a7;Rue Basse du Faubourg;;8;;1;51576;Tours-sur-Marne;;;entrée;4.125522;49.046582;782279.86;6883553.64;;commune;2023-05-31
51576_xxxx_00008;5b079667-9610-498c-a63d-a11ab685cd8e;608df17b-5d90-450a-85b3-d60558fb07d5;7361fe62-bfef-4d53-a9af-e731e25884fa;Rue du Docteur Rene Bursaux;;8;;1;51576;Tours-sur-Marne;;;entrée;4.116309;49.050595;781600.03;6883990.33;;commune;2023-04-28
51576_xxxx_00008;5b079667-9610-498c-a63d-a11ab685cd8e;336b6b1c-3f8f-4434-84ba-0ff46b3d9d95;0add5af9-ccc4-4515-87d6-2402dd107ccd;Rue du Rempart Nord;;8;;1;51576;Tours-sur-Marne;;;entrée;4.119644;49.04869;781846.84;6883781.91;;commune;2023-11-02
51576_xxxx_00008;5b079667-9610-498c-a63d-a11ab685cd8e;eefa7375-4045-4f89-a16d-6769db5d98e2;a3da7103-176c-4ea5-8b1a-f4d8136db576;Rue de la Haie du Bois;;8;;1;51576;Tours-sur-Marne;;;entrée;4.114082;49.050252;781437.79;6883949.85;;commune;2023-04-28
51576_xxxx_00008;5b079667-9610-498c-a63d-a11ab685cd8e;7e70ff9f-6566-4d37-8352-abc86efbfd4e;4e4b2a1e-90eb-473b-9965-adf8822854f1;Rue du Montcey;;8;;1;51576;Tours-sur-Marne;;;entrée;4.118217;49.047448;781744.51;6883642.31;;commune;2023-11-02
51576_xxxx_00008;5b079667-9610-498c-a63d-a11ab685cd8e;b90100be-144e-4011-bd77-79033f2a3e2e;2b8df8d9-1177-4e12-ade9-b3a8cf62392d;Rue du Magasin;;8;;1;51576;Tours-sur-Marne;;;entrée;4.117675;49.047058;781705.5;6883598.42;;commune;2023-10-02
51576_xxxx_00008;5b079667-9610-498c-a63d-a11ab685cd8e;1f11309b-6168-4627-9f6c-5782146ae2a9;70f032ae-1201-4da9-9de1-46010dd1127e;rue du Champ Chapon ZAC Côte des Noirs;;8;;1;51576;Tours-sur-Marne;;;entrée;4.142281;49.071592;783464.68;6886352.47;;commune;2023-01-31
51576_xxxx_00008;5b079667-9610-498c-a63d-a11ab685cd8e;e0830dfc-21dc-47bb-8b9a-c7fd11bc085c;f378bb4f-d7eb-4451-8048-10e5ac00aa24;Rue du Clos des Fourches;;8;;1;51576;Tours-sur-Marne;;;entrée;4.11234;49.051361;781308.78;6884071.38;;commune;2023-04-28
51576_xxxx_00008;5b079667-9610-498c-a63d-a11ab685cd8e;9af5e9be-16a3-4ce7-85ec-650548e82eed;2ef0f2e5-68b3-421c-b823-9f2d243dc32a;Rue de la Vendange;;8;;1;51576;Tours-sur-Marne;;;entrée;4.125265;49.053026;782250.84;6884269.94;;commune;2023-03-20
51576_xxxx_00008;5b079667-9610-498c-a63d-a11ab685cd8e;8901002c-8223-449a-8fed-4815676787e7;03804eff-2116-4a9f-a827-2492ba68ee8d;Rue Protain Gervais;;8;;1;51576;Tours-sur-Marne;;;entrée;4.12219;49.04853;782033.17;6883766.75;;commune;2023-11-02
51576_xxxx_00008;5b079667-9610-498c-a63d-a11ab685cd8e;c7ae8ba6-c5a2-4d8c-aa38-38e8d298179a;f3c4eb07-8f9e-4e5a-955d-0938670c49e6;Rue de la Maladrie;;8;;1;51576;Tours-sur-Marne;;;entrée;4.111745;49.050467;781266.68;6883971.31;;commune;2023-04-28
51576_xxxx_00008;5b079667-9610-498c-a63d-a11ab685cd8e;06d2a287-bded-4d6e-9b31-2c914907c3ce;a34d2ac4-3f15-4213-a626-9e32dc757588;Rue du Rempart Nord-Est;;8;;1;51576;Tours-sur-Marne;;;entrée;4.1249;49.048625;782231.13;6883780.09;;commune;2023-04-30
51576_xxxx_00008;5b079667-9610-498c-a63d-a11ab685cd8e;87e03631-c5ef-49f3-bae4-16832393658b;beca68df-2da9-47f1-9add-13cd04d7a7e3;Rue de l’Eglise;;8;;1;51576;Tours-sur-Marne;;;entrée;4.123117;49.046663;782103.89;6883560.07;;commune;2023-04-24
51576_xxxx_00008;5b079667-9610-498c-a63d-a11ab685cd8e;28edafb4-d289-455b-95db-bdd90098b434;944bd951-429b-4cc9-8e46-053b3f55a136;Rue Bernard;;8;;1;51576;Tours-sur-Marne;;;entrée;4.11785;49.047673;781717.33;6883666.98;;commune;2023-01-31
51576_xxxx_00008;5b079667-9610-498c-a63d-a11ab685cd8e;8cd99c81-0bcd-4090-8632-720625dd342f;87145923-489a-413e-a340-ed1e8d378abb;Rue de la Vieille Moterie;;8;;1;51576;Tours-sur-Marne;;;entrée;4.118143;49.04831;781737.69;6883738.12;;commune;2023-01-31
51576_xxxx_00008;5b079667-9610-498c-a63d-a11ab685cd8e;25441fdf-dca1-4f36-9a81-bea547909b10;fec0b85c-8f6c-42fe-8993-aff290f019f1;Rue du Buisson Jacquet;;8;;1;51576;Tours-sur-Marne;;;entrée;4.110341;49.048979;781166.37;6883804.44;;commune;2023-04-28
51576_xxxx_00008;5b079667-9610-498c-a63d-a11ab685cd8e;12f00825-2093-4b88-a9b8-7f6e11e02ae3;8117faf4-6664-4ac8-aa97-2194fd50102f;Rue de la Garde;;8;;1;51576;Tours-sur-Marne;;;entrée;4.119579;49.050405;781839.4;6883972.52;;commune;2023-04-30
51576_xxxx_00008;5b079667-9610-498c-a63d-a11ab685cd8e;4f806a35-9536-4620-a54f-a827427e7f58;7f2e1946-054b-4b2b-8ef4-f37bcbf8be5d;Place Gondry;;8;;1;51576;Tours-sur-Marne;;;entrée;4.121917;49.049642;782011.5;6883890.15;;commune;2023-10-02
51576_xxxx_00008;5b079667-9610-498c-a63d-a11ab685cd8e;2d445b45-1c0d-40cf-a639-961a5cb9dc56;201e3a51-8751-4fac-aaad-7125ed5053b8;Rue de Crouy;;8;;1;51576;Tours-sur-Marne;;;entrée;4.11642;49.046975;781613.91;6883587.88;;commune;2023-04-30
51576_xxxx_00008;5b079667-9610-498c-a63d-a11ab685cd8e;f6e931c0-6d12-4160-8feb-3ba15ec70d1f;55d8c8e0-9f12-4cbd-867b-1d38935b90bb;Rue André Chassigneux;;8;;1;51576;Tours-sur-Marne;;;entrée;4.115275;49.048226;781528.23;6883725.78;;commune;2023-04-30
51576_xxxx_00008;5b079667-9610-498c-a63d-a11ab685cd8e;09bc2c6e-65d3-412f-b6a7-e08ced903b5b;a3b94b31-4bff-4af4-9e8a-1a2e669b787b;Rue du Rempart Nord Ouest;;8;;1;51576;Tours-sur-Marne;;;entrée;4.116527;49.048329;781619.54;6883738.5;;commune;2023-11-02
51576_xxxx_00008;5b079667-9610-498c-a63d-a11ab685cd8e;430392c0-87c2-47d1-944c-248ca5611157;12ad932b-f591-48c8-8cc5-f2c9505f664f;Rue des Champs Tortus;;8;;1;51576;Tours-sur-Marne;;;entrée;4.110425;49.04978;781171.26;6883893.65;;commune;2023-04-28
51576_xxxx_00008;5b079667-9610-498c-a63d-a11ab685cd8e;fed23f22-adaa-435d-8cc3-bae702861845;ae4db6ef-1f69-4f86-bd21-da7f36912df8;Rue de Condé;;8;;1;51576;Tours-sur-Marne;;;entrée;4.125846;49.048201;782300.94;6883733.95;;commune;2023-05-31
51576_xxxx_00008;5b079667-9610-498c-a63d-a11ab685cd8e;db2e6a5f-ab85-45ea-b905-bd7344f5d498;e323992b-e69b-4049-99dc-c31e20a16eb8;Rue de la Croix Saint Jacques;;8;;1;51576;Tours-sur-Marne;;;entrée;4.124972;49.05254;782230.22;6884215.58;;commune;2023-03-20
51576_xxxx_00008;5b079667-9610-498c-a63d-a11ab685cd8e;d8222438-ede0-4a27-97ff-a131c03ab47b;003fc830-673f-41b2-b82c-82aa27df845d;Rue du Bureau;;8;;1;51576;Tours-sur-Marne;;;entrée;4.120421;49.047761;781905.07;6883679.39;;commune;2023-04-24
51576_xxxx_00008;5b079667-9610-498c-a63d-a11ab685cd8e;4421e05c-e1fe-4729-8ab8-b2175d77d8dd;244e79a6-20f9-4cd7-b726-9c02830d60d6;Rue de l’Avenir;;8;;1;51576;Tours-sur-Marne;;;entrée;4.113962;49.048944;781431.13;6883804.23;;commune;2023-04-30
51576_xxxx_00008;5b079667-9610-498c-a63d-a11ab685cd8e;a0479ecb-4080-4cb5-b441-61a71d39676a;16df7f3a-4468-44f0-aa3a-cc20f5d4cb85;Rue Haute du Faubourg;;8;;1;51576;Tours-sur-Marne;;;entrée;4.12731;49.046532;782410.59;6883549.95;;commune;2023-12-20
51576_xxxx_00008;5b079667-9610-498c-a63d-a11ab685cd8e;a613ba3c-0a2e-4eec-a303-7e97f3538e08;cbec1308-6ae1-410d-a3ea-2d891f0e251e;Place Charles de Gaulle;;8;;1;51576;Tours-sur-Marne;;;entrée;4.119866;49.046992;781865.78;6883593.32;;commune;2023-03-20
51576_xxxx_00008;5b079667-9610-498c-a63d-a11ab685cd8e;4d2374b1-a3ba-4a64-aced-168089616838;a30f6763-2814-4cff-9675-898cd9fcd04f;Rue du Mont Brulé;;8;;1;51576;Tours-sur-Marne;;;entrée;4.110089;49.050569;781145.46;6883981.05;;commune;2023-04-28
51576_xxxx_00008;5b079667-9610-498c-a63d-a11ab685cd8e;c1efbb74-068c-4740-9bb5-5a590349c14a;a77f370e-f76c-4653-ac29-fc9c25746674;Rue Saint Antoine;;8;;1;51576;Tours-sur-Marne;;;entrée;4.123394;49.048517;782121.19;6883766.61;;commune;2023-05-31
51576_xxxx_00008;5b079667-9610-498c-a63d-a11ab685cd8e;27ab37dd-4fc7-477d-b53e-8396fb146895;94994a32-a32d-4156-a1de-9e06a894388b;Rue du Rempart Est;;8;;1;51576;Tours-sur-Marne;;;entrée;4.125724;49.047915;782292.47;6883702.02;;commune;2023-11-02
51576_xxxx_00008;5b079667-9610-498c-a63d-a11ab685cd8e;cb342646-b867-4ca7-bdfd-3fd07a548f29;3006e0f3-28fc-4ec4-9ca8-186bf82b9eff;Rue de la Chenevrière;;8;;1;51576;Tours-sur-Marne;;;entrée;4.113367;49.049855;781386.22;6883905.01;;commune;2023-04-28
51576_xxxx_00008;5b079667-9610-498c-a63d-a11ab685cd8e;fa68332f-3d1a-4743-873f-94a4dbbc4385;a8c60a66-43ac-4cc4-9ce7-d954aced41c2;Rue du Pignon Bavard;;8;;1;51576;Tours-sur-Marne;;;entrée;4.123293;49.047532;782115.38;6883656.88;;commune;2023-10-02
51576_xxxx_00008;5b079667-9610-498c-a63d-a11ab685cd8e;76b004f2-749d-4034-828e-fbc4a0da7ead;3ebaa3fe-e695-4ee4-9e84-f28b9d4a242f;Rue des Fossarts;;8;;1;51576;Tours-sur-Marne;;;entrée;4.115945;49.046964;781579.13;6883586.13;;commune;2023-04-30
51576_xxxx_00009;5b079667-9610-498c-a63d-a11ab685cd8e;db2e6a5f-ab85-45ea-b905-bd7344f5d498;069841ad-22da-4fb1-a101-1375cdf59d20;Rue de la Croix Saint Jacques;;9;;1;51576;Tours-sur-Marne;;;entrée;4.124444;49.052306;782191.94;6884188.96;;commune;2023-03-20
51576_xxxx_00009;5b079667-9610-498c-a63d-a11ab685cd8e;c7ae8ba6-c5a2-4d8c-aa38-38e8d298179a;6414d1e0-83b3-4037-9ae1-1de53b74ebcf;Rue de la Maladrie;;9;;1;51576;Tours-sur-Marne;;;entrée;4.111909;49.050594;781278.46;6883985.69;;commune;2023-04-28
51576_xxxx_00009;5b079667-9610-498c-a63d-a11ab685cd8e;19f501ab-af65-43ec-b7b2-ae073dccc1b9;b21b9039-07a8-482f-99d6-742949c579de;Avenue de Champagne;;9;;1;51576;Tours-sur-Marne;;;entrée;4.115837;49.049952;781566.56;6883918.36;;commune;2023-10-10
51576_xxxx_00009;5b079667-9610-498c-a63d-a11ab685cd8e;4421e05c-e1fe-4729-8ab8-b2175d77d8dd;21adc8fd-aece-4dd7-9f65-d0a6cac08289;Rue de l’Avenir;;9;;1;51576;Tours-sur-Marne;;;entrée;4.113947;49.0485;781430.72;6883754.95;;commune;2023-04-30
51576_xxxx_00009;5b079667-9610-498c-a63d-a11ab685cd8e;c1efbb74-068c-4740-9bb5-5a590349c14a;2ba38860-be0b-46c8-beb4-0a7dbf9fdbc3;Rue Saint Antoine;;9;;1;51576;Tours-sur-Marne;;;entrée;4.123312;49.048335;782115.52;6883746.26;;commune;2023-11-02
51576_xxxx_00009;5b079667-9610-498c-a63d-a11ab685cd8e;d8222438-ede0-4a27-97ff-a131c03ab47b;57179dc5-14c2-43fa-8264-e52a285bcacd;Rue du Bureau;;9;;1;51576;Tours-sur-Marne;;;entrée;4.119875;49.047735;781865.2;6883675.97;;commune;2023-04-24
51576_xxxx_00009;5b079667-9610-498c-a63d-a11ab685cd8e;c61556c2-3178-4568-85bf-bb93171b1645;19c25a27-4378-4d65-9205-282943b7339e;Rue de la Halle;;9;;1;51576;Tours-sur-Marne;;;entrée;4.120066;49.047244;781879.93;6883621.5;;commune;2023-10-02
51576_xxxx_00009;5b079667-9610-498c-a63d-a11ab685cd8e;cd61758b-1743-4c3c-8fc3-1e5d87884ca0;f1518a1d-f21a-47bc-82da-80c3d6bfe691;Chemin de Bisseuil;;9;;1;51576;Tours-sur-Marne;;;entrée;4.114131;49.047789;781445.26;6883676.03;;commune;2023-04-30
51576_xxxx_00009;5b079667-9610-498c-a63d-a11ab685cd8e;09bc2c6e-65d3-412f-b6a7-e08ced903b5b;54bdf9cd-4d8b-4e61-9d3b-0b37981a70f2;Rue du Rempart Nord Ouest;;9;;1;51576;Tours-sur-Marne;;;entrée;4.115778;49.047941;781565.45;6883694.64;;commune;2023-04-30
51576_xxxx_00009;5b079667-9610-498c-a63d-a11ab685cd8e;1f11309b-6168-4627-9f6c-5782146ae2a9;0c4a1f2b-00e8-42d8-8705-a70a0d270c85;rue du Champ Chapon ZAC Côte des Noirs;;9;;1;51576;Tours-sur-Marne;;;entrée;4.142254;49.070687;783464.17;6886251.72;51576000ZC0217;commune;2024-10-30
51576_xxxx_00009;5b079667-9610-498c-a63d-a11ab685cd8e;eefa7375-4045-4f89-a16d-6769db5d98e2;3913ece4-6de8-43d9-9f20-00d0c75c1b6a;Rue de la Haie du Bois;;9;;1;51576;Tours-sur-Marne;;;entrée;4.113638;49.050834;781404.49;6884014.15;;commune;2023-04-28
51576_xxxx_00009;5b079667-9610-498c-a63d-a11ab685cd8e;9af5e9be-16a3-4ce7-85ec-650548e82eed;7e32ff75-ceea-42bf-829b-6f2c03c5b6f1;Rue de la Vendange;;9;;1;51576;Tours-sur-Marne;;;entrée;4.124326;49.05297;782182.32;6884262.76;;commune;2023-03-20
51576_xxxx_00009;5b079667-9610-498c-a63d-a11ab685cd8e;de0dabc1-7b64-4fe2-b5cb-e390afd699a6;21fb78e2-33d7-4e70-b0c5-128fe55532b1;Rue Gaston Erling;;9;;1;51576;Tours-sur-Marne;;;entrée;4.116872;49.051136;781640.39;6884050.99;;commune;2023-04-30
51576_xxxx_00009;5b079667-9610-498c-a63d-a11ab685cd8e;8cd99c81-0bcd-4090-8632-720625dd342f;718e9429-4939-413c-9013-d86eab4fc0d0;Rue de la Vieille Moterie;;9;;1;51576;Tours-sur-Marne;;;entrée;4.11781;49.048226;781713.48;6883728.36;;commune;2023-01-31
51576_xxxx_00009;5b079667-9610-498c-a63d-a11ab685cd8e;cccebdb0-0f03-4b39-9496-2c61a867f1b8;6d8eab9a-862d-470b-9169-1b527181da12;Allée des Champs Tortus;;9;;1;51576;Tours-sur-Marne;;;entrée;4.109629;49.04983;781112.97;6883898.35;;commune;2025-03-18
51576_xxxx_00009;5b079667-9610-498c-a63d-a11ab685cd8e;f6e931c0-6d12-4160-8feb-3ba15ec70d1f;dec6d71a-78cf-4d60-829a-3ed4d9008976;Rue André Chassigneux;;9;;1;51576;Tours-sur-Marne;;;entrée;4.114788;49.047432;781493.86;6883636.95;;commune;2023-04-30
51576_xxxx_00009;5b079667-9610-498c-a63d-a11ab685cd8e;a613ba3c-0a2e-4eec-a303-7e97f3538e08;b34c7c76-26c8-45b2-bcaf-4a8e66f693a1;Place Charles de Gaulle;;9;;1;51576;Tours-sur-Marne;;;entrée;4.120078;49.04724;781880.87;6883621.14;;commune;2023-03-20
51576_xxxx_00009;5b079667-9610-498c-a63d-a11ab685cd8e;ab2a3230-7fb7-4642-a6e4-ef2fb120f158;87171190-806e-44c2-bdae-70f6d3f68e56;Chemin de Fontaine;;9;;1;51576;Tours-sur-Marne;;;entrée;4.117933;49.050789;781718.45;6884013.5;;commune;2023-04-30
51576_xxxx_00009;5b079667-9610-498c-a63d-a11ab685cd8e;08fcfd29-68cd-4543-ae7d-998fe93bd365;defc1c0c-93b3-4723-b435-add177a3f60e;Ruelle Devant Saint Maurice;;9;;1;51576;Tours-sur-Marne;;;entrée;4.119798;49.046728;781861.19;6883563.89;;commune;2023-10-10
51576_xxxx_00009;5b079667-9610-498c-a63d-a11ab685cd8e;cb342646-b867-4ca7-bdfd-3fd07a548f29;a674e954-d8b2-452d-88d8-afe19a0fcaa7;Rue de la Chenevrière;;9;;1;51576;Tours-sur-Marne;;;entrée;4.113118;49.049499;781368.53;6883865.08;;commune;2023-04-28
51576_xxxx_00009;5b079667-9610-498c-a63d-a11ab685cd8e;76b004f2-749d-4034-828e-fbc4a0da7ead;71c58cfd-f5c1-4317-a6db-6bcb90a3bcca;Rue des Fossarts;;9;;1;51576;Tours-sur-Marne;;;entrée;4.115962;49.047234;781580.01;6883616.15;;commune;2023-04-30
51576_xxxx_00009;5b079667-9610-498c-a63d-a11ab685cd8e;72082ec5-46b5-4f3b-a9e4-08bc0e61dc83;cd9543b6-1d1b-4645-ac34-7637e7074b73;Rue Heurpé;;9;;1;51576;Tours-sur-Marne;;;entrée;4.120757;49.049282;781927.28;6883848.87;;commune;2023-02-01
51576_xxxx_00009;5b079667-9610-498c-a63d-a11ab685cd8e;04fbb930-41df-4c6e-953c-906cfce884ca;05dd7838-c013-4237-8783-86f683025450;Place Auguste Chauvet;;9;;1;51576;Tours-sur-Marne;;;entrée;4.122318;49.046854;782045.19;6883580.46;;commune;2023-03-20
51576_xxxx_00009;5b079667-9610-498c-a63d-a11ab685cd8e;608df17b-5d90-450a-85b3-d60558fb07d5;33de2829-c243-42e0-bfb4-05d0cd1de5ae;Rue du Docteur Rene Bursaux;;9;;1;51576;Tours-sur-Marne;;;entrée;4.115586;49.050893;781546.78;6884022.67;;commune;2023-04-28
51576_xxxx_00009;5b079667-9610-498c-a63d-a11ab685cd8e;7b24b08f-02c0-4bf1-8901-38fc3905d4bf;d2c4bf35-793d-4100-94a3-17d901282835;Ruelle des Domaines;;9;;1;51576;Tours-sur-Marne;;;entrée;4.115455;49.046116;781544.68;6883491.39;;commune;2025-10-16
51576_xxxx_00009;5b079667-9610-498c-a63d-a11ab685cd8e;8901002c-8223-449a-8fed-4815676787e7;42e21188-cd6b-4fea-a3e0-a9ef3d252a89;Rue Protain Gervais;;9;;1;51576;Tours-sur-Marne;;;entrée;4.122089;49.048475;782025.89;6883760.58;;commune;2023-11-02
51576_xxxx_00009;5b079667-9610-498c-a63d-a11ab685cd8e;87e03631-c5ef-49f3-bae4-16832393658b;144ee427-a669-4ffe-a312-144ef758fba4;Rue de l’Eglise;;9;;1;51576;Tours-sur-Marne;;;entrée;4.123168;49.046735;782107.5;6883568.18;;commune;2023-04-24
51576_xxxx_00009;5b079667-9610-498c-a63d-a11ab685cd8e;e0830dfc-21dc-47bb-8b9a-c7fd11bc085c;325a9ba5-b29e-4941-8927-f4bf45475f23;Rue du Clos des Fourches;;9;;1;51576;Tours-sur-Marne;;;entrée;4.113064;49.050619;781362.83;6883989.59;;commune;2023-04-28
51576_xxxx_00009;5b079667-9610-498c-a63d-a11ab685cd8e;25441fdf-dca1-4f36-9a81-bea547909b10;ed2aa061-b223-4c63-8a22-dc99289ffdba;Rue du Buisson Jacquet;;9;;1;51576;Tours-sur-Marne;;;entrée;4.11109;49.048723;781221.53;6883776.8;;commune;2023-04-28
51576_xxxx_00009;5b079667-9610-498c-a63d-a11ab685cd8e;fed23f22-adaa-435d-8cc3-bae702861845;05618259-a6d0-4f4e-8096-dde7af4d08ea;Rue de Condé;;9;;1;51576;Tours-sur-Marne;;;entrée;4.124293;49.048327;782187.22;6883746.32;;commune;2023-10-02
51576_xxxx_00009_bis;5b079667-9610-498c-a63d-a11ab685cd8e;d8222438-ede0-4a27-97ff-a131c03ab47b;5fd888fa-ac0c-475d-af88-ed295a7ad5cd;Rue du Bureau;;9;bis;1;51576;Tours-sur-Marne;;;entrée;4.119922;49.047766;781868.62;6883679.4;;commune;2023-04-24
51576_xxxx_00010;5b079667-9610-498c-a63d-a11ab685cd8e;336b6b1c-3f8f-4434-84ba-0ff46b3d9d95;2074c80e-a64e-4764-9396-7841cfea5cf4;Rue du Rempart Nord;;10;;1;51576;Tours-sur-Marne;;;entrée;4.119948;49.04875;781868.93;6883788.9;;commune;2023-11-02
51576_xxxx_00010;5b079667-9610-498c-a63d-a11ab685cd8e;e0830dfc-21dc-47bb-8b9a-c7fd11bc085c;d1b7e9ea-b0de-4ca2-b937-e450b30490af;Rue du Clos des Fourches;;10;;1;51576;Tours-sur-Marne;;;entrée;4.112459;49.051216;781317.67;6884055.34;;commune;2023-04-28
51576_xxxx_00010;5b079667-9610-498c-a63d-a11ab685cd8e;1b2608ed-959c-4fa9-bc19-64ee1bcba657;fe97fdf8-e946-4803-b901-dda5ad1ab033;RD 19 route d'Athis;;10;;1;51576;Tours-sur-Marne;;;entrée;4.121884;49.039323;782025.36;6882742.59;;commune;2025-10-16
51576_xxxx_00010;5b079667-9610-498c-a63d-a11ab685cd8e;7e70ff9f-6566-4d37-8352-abc86efbfd4e;cd13fc12-cf05-42f1-9d9c-e75df6d5ee34;Rue du Montcey;;10;;1;51576;Tours-sur-Marne;;;entrée;4.118106;49.047607;781736.1;6883659.86;;commune;2023-11-07
51576_xxxx_00010;5b079667-9610-498c-a63d-a11ab685cd8e;19f501ab-af65-43ec-b7b2-ae073dccc1b9;1092bc62-3650-46dd-a7ca-e910c7d76e67;Avenue de Champagne;;10;;1;51576;Tours-sur-Marne;;;entrée;4.116883;49.049656;781643.51;6883886.49;;commune;2023-10-05
51576_xxxx_00010;5b079667-9610-498c-a63d-a11ab685cd8e;430392c0-87c2-47d1-944c-248ca5611157;9adbdbc6-5085-4ec4-a849-5edb8dfb9982;Rue des Champs Tortus;;10;;1;51576;Tours-sur-Marne;;;entrée;4.110192;49.049753;781154.25;6883890.34;;commune;2023-04-28
51576_xxxx_00010;5b079667-9610-498c-a63d-a11ab685cd8e;2949adbd-4db0-47af-9bbc-fb65054405fc;1ccfbb1d-133f-4fc2-b4ec-a224d87c1802;Impasse des Fées;;10;;1;51576;Tours-sur-Marne;;;entrée;4.116821;49.047553;781642.27;6883652.51;;commune;2023-04-30
51576_xxxx_00010;5b079667-9610-498c-a63d-a11ab685cd8e;d8222438-ede0-4a27-97ff-a131c03ab47b;03fda057-4516-4122-a840-c9050fb84516;Rue du Bureau;;10;;1;51576;Tours-sur-Marne;;;entrée;4.120403;49.047854;781903.61;6883689.75;;commune;2023-04-24
51576_xxxx_00010;5b079667-9610-498c-a63d-a11ab685cd8e;c7ae8ba6-c5a2-4d8c-aa38-38e8d298179a;ab6387d0-0b56-4a01-b886-0dd750db503f;Rue de la Maladrie;;10;;1;51576;Tours-sur-Marne;;;entrée;4.11167;49.050702;781260.81;6883997.39;;commune;2023-04-28
51576_xxxx_00010;5b079667-9610-498c-a63d-a11ab685cd8e;f6e931c0-6d12-4160-8feb-3ba15ec70d1f;ea851047-84c1-4792-a771-a2ed64b46e7f;Rue André Chassigneux;;10;;1;51576;Tours-sur-Marne;;;entrée;4.115395;49.048372;781536.75;6883742.17;;commune;2023-04-30
51576_xxxx_00010;5b079667-9610-498c-a63d-a11ab685cd8e;8cd99c81-0bcd-4090-8632-720625dd342f;8af931a1-cbb7-48c0-a2b2-09a3d777143c;Rue de la Vieille Moterie;;10;;1;51576;Tours-sur-Marne;;;entrée;4.117648;49.048382;781701.41;6883745.61;;commune;2023-10-03
51576_xxxx_00010;5b079667-9610-498c-a63d-a11ab685cd8e;06d2a287-bded-4d6e-9b31-2c914907c3ce;4fa71563-c1bd-43db-803f-9bf32bae6b92;Rue du Rempart Nord-Est;;10;;1;51576;Tours-sur-Marne;;;entrée;4.125173;49.048518;782251.25;6883768.55;;commune;2023-04-30
51576_xxxx_00010;5b079667-9610-498c-a63d-a11ab685cd8e;db2e6a5f-ab85-45ea-b905-bd7344f5d498;bf046925-60a8-4db2-a2c1-3fda9ef51a40;Rue de la Croix Saint Jacques;;10;;1;51576;Tours-sur-Marne;;;entrée;4.125304;49.052596;782254.35;6884222.19;;commune;2023-03-20
51576_xxxx_00010;5b079667-9610-498c-a63d-a11ab685cd8e;cb342646-b867-4ca7-bdfd-3fd07a548f29;df820602-c24a-4366-876c-89cd4ac1c38b;Rue de la Chenevrière;;10;;1;51576;Tours-sur-Marne;;;entrée;4.113107;49.049895;781367.09;6883909.17;;commune;2023-04-28
51576_xxxx_00010;5b079667-9610-498c-a63d-a11ab685cd8e;28edafb4-d289-455b-95db-bdd90098b434;0c735f9f-4919-4f19-9735-bca6a69bd770;Rue Bernard;;10;;1;51576;Tours-sur-Marne;;;entrée;4.117629;49.047767;781700.97;6883677.22;;commune;2023-02-21
51576_xxxx_00010;5b079667-9610-498c-a63d-a11ab685cd8e;9af5e9be-16a3-4ce7-85ec-650548e82eed;d5e0b3b3-144f-420f-9dd3-db1a35d1836b;Rue de la Vendange;;10;;1;51576;Tours-sur-Marne;;;entrée;4.125523;49.053068;782269.65;6884274.82;;commune;2023-03-20
51576_xxxx_00010;5b079667-9610-498c-a63d-a11ab685cd8e;72082ec5-46b5-4f3b-a9e4-08bc0e61dc83;a173081e-9096-4e9a-8a07-fcd8191f0c04;Rue Heurpé;;10;;1;51576;Tours-sur-Marne;;;entrée;4.121445;49.047988;781979.56;6883705.76;;commune;2023-02-01
51576_xxxx_00010;5b079667-9610-498c-a63d-a11ab685cd8e;eefa7375-4045-4f89-a16d-6769db5d98e2;56defe20-45de-4c42-a9bd-97e2ca27d052;Rue de la Haie du Bois;;10;;1;51576;Tours-sur-Marne;;;entrée;4.114019;49.050396;781432.98;6883965.85;;commune;2023-04-28
51576_xxxx_00010;5b079667-9610-498c-a63d-a11ab685cd8e;25441fdf-dca1-4f36-9a81-bea547909b10;c006d9d3-9402-4898-be38-4cc7bb1f54b2;Rue du Buisson Jacquet;;10;;1;51576;Tours-sur-Marne;;;entrée;4.110711;49.048797;781193.68;6883784.6;;commune;2023-04-28
51576_xxxx_00010;5b079667-9610-498c-a63d-a11ab685cd8e;719549f3-66a1-4298-b23a-32bddf71eb26;b7ec638b-cf33-469f-bc3c-a98c7086b638;Rue Adeline Savey;;10;;1;51576;Tours-sur-Marne;;;entrée;4.127354;49.047092;782412.96;6883612.17;;commune;2023-10-10
51576_xxxx_00010;5b079667-9610-498c-a63d-a11ab685cd8e;1f11309b-6168-4627-9f6c-5782146ae2a9;43f6394f-00f8-44f9-baaf-73475923c60a;rue du Champ Chapon ZAC Côte des Noirs;;10;;1;51576;Tours-sur-Marne;;;entrée;4.142129;49.071093;783454.32;6886296.8;;commune;2023-01-31
51576_xxxx_00010;5b079667-9610-498c-a63d-a11ab685cd8e;fa68332f-3d1a-4743-873f-94a4dbbc4385;ed3bcb82-3455-4dad-8968-0e01bf388593;Rue du Pignon Bavard;;10;;1;51576;Tours-sur-Marne;;;entrée;4.123525;49.04755;782132.31;6883659.14;;commune;2023-10-02
51576_xxxx_00010;5b079667-9610-498c-a63d-a11ab685cd8e;37203a66-c8f1-4372-b0ef-7fb37d0af5ae;0822ff26-606b-4c18-a5d7-bd8abb2f6db0;Rue Basse du Faubourg;;10;;1;51576;Tours-sur-Marne;;;entrée;4.125865;49.046583;782304.89;6883554.02;;commune;2023-05-31
51576_xxxx_00010;5b079667-9610-498c-a63d-a11ab685cd8e;802547a2-0e65-48d9-8876-339c8ceefca4;d46494bc-fd2b-4671-bb20-0a905d032e40;Rue du Cbr;;10;;1;51576;Tours-sur-Marne;;;entrée;4.116323;49.052212;781598.55;6884170.13;;commune;2023-04-28
51576_xxxx_00010;5b079667-9610-498c-a63d-a11ab685cd8e;a613ba3c-0a2e-4eec-a303-7e97f3538e08;be4c821c-ad90-4845-ac58-53d5d48f996a;Place Charles de Gaulle;;10;;1;51576;Tours-sur-Marne;;;entrée;4.119883;49.046949;781867.04;6883588.53;;commune;2023-03-20
51576_xxxx_00010;5b079667-9610-498c-a63d-a11ab685cd8e;0a2f370d-cebd-4332-a984-c63d8ff86e79;be3fd7b5-658e-4ef2-9138-5b789b2c12cb;Rue Antoine Drouilly;;10;;1;51576;Tours-sur-Marne;;;entrée;4.11474;49.048803;781488.18;6883789.36;;commune;2023-04-30
51576_xxxx_00010;5b079667-9610-498c-a63d-a11ab685cd8e;7b24b08f-02c0-4bf1-8901-38fc3905d4bf;86050e16-7717-4691-8363-34ff4da69658;Ruelle des Domaines;;10;;1;51576;Tours-sur-Marne;;;entrée;4.115553;49.046165;781551.76;6883496.87;;commune;2023-11-02
51576_xxxx_00010;5b079667-9610-498c-a63d-a11ab685cd8e;c1efbb74-068c-4740-9bb5-5a590349c14a;f99de513-9044-4f7f-b7cd-44eb335a308e;Rue Saint Antoine;;10;;1;51576;Tours-sur-Marne;;;entrée;4.123337;49.048685;782116.79;6883785.15;;commune;2023-05-31
51576_xxxx_00010;5b079667-9610-498c-a63d-a11ab685cd8e;a275b169-19ae-478f-830e-b230fc849be5;d13075c2-f82d-443d-9a21-d03d770fc7e6;Rue du Champ Rouen ZAC Côte des Noirs;;10;;1;51576;Tours-sur-Marne;;;entrée;4.140373;49.072127;783324.42;6886409.94;;commune;2023-10-10
51576_xxxx_00010;5b079667-9610-498c-a63d-a11ab685cd8e;608df17b-5d90-450a-85b3-d60558fb07d5;4936b942-3fd3-4b19-8435-3a3a22dbb879;Rue du Docteur Rene Bursaux;;10;;1;51576;Tours-sur-Marne;;;entrée;4.116028;49.050801;781579.21;6884012.88;;commune;2023-04-28
51576_xxxx_00010;5b079667-9610-498c-a63d-a11ab685cd8e;a0479ecb-4080-4cb5-b441-61a71d39676a;b3b4dfa2-acde-4906-a06c-8a477eb4ee94;Rue Haute du Faubourg;;10;;1;51576;Tours-sur-Marne;;;entrée;4.127359;49.046502;782414.26;6883546.58;;commune;2023-12-20
51576_xxxx_00010;5b079667-9610-498c-a63d-a11ab685cd8e;c61556c2-3178-4568-85bf-bb93171b1645;360ed239-558e-4b80-a1b3-e6c7da6648b9;Rue de la Halle;;10;;1;51576;Tours-sur-Marne;;;entrée;4.120567;49.047006;781916.96;6883595.59;;commune;2023-10-02
51576_xxxx_00010;5b079667-9610-498c-a63d-a11ab685cd8e;37cab16b-0a1e-4550-9f51-560d5afc25ec;4802e58b-4cca-4d7d-ba39-1575e3e8e699;Place de l’Eglise;;10;;1;51576;Tours-sur-Marne;;;entrée;4.12369;49.046453;782146.1;6883537.38;;commune;2023-04-24
51576_xxxx_00010;5b079667-9610-498c-a63d-a11ab685cd8e;12f00825-2093-4b88-a9b8-7f6e11e02ae3;d6ed5d64-7eb3-40f7-86cd-46ec9b4e0e49;Rue de la Garde;;10;;1;51576;Tours-sur-Marne;;;entrée;4.119547;49.050482;781836.92;6883981.14;;commune;2023-04-30
51576_xxxx_00010_bis;5b079667-9610-498c-a63d-a11ab685cd8e;2949adbd-4db0-47af-9bbc-fb65054405fc;e2141dc7-3ce4-43e8-9c12-d324ecf7ce64;Impasse des Fées;;10;bis;1;51576;Tours-sur-Marne;;;entrée;4.116906;49.047694;781648.27;6883668.31;51576000AC0068;commune;2025-09-15
51576_xxxx_00010_bis;5b079667-9610-498c-a63d-a11ab685cd8e;7e70ff9f-6566-4d37-8352-abc86efbfd4e;07aac1b1-23c4-48d4-a135-a331c7e98a61;Rue du Montcey;;10;bis;1;51576;Tours-sur-Marne;;;entrée;4.117997;49.047611;781728.15;6883660.23;;commune;2023-11-07
51576_xxxx_00011;5b079667-9610-498c-a63d-a11ab685cd8e;25441fdf-dca1-4f36-9a81-bea547909b10;cb3cec4d-d6f1-4ccd-b5c1-dea28a56ce3b;Rue du Buisson Jacquet;;11;;1;51576;Tours-sur-Marne;;;entrée;4.111355;49.048771;781240.8;6883782.31;;commune;2023-04-28
51576_xxxx_00011;5b079667-9610-498c-a63d-a11ab685cd8e;c61556c2-3178-4568-85bf-bb93171b1645;08c63fb6-8c74-4c3c-ad48-7b40dc2860fe;Rue de la Halle;;11;;1;51576;Tours-sur-Marne;;;entrée;4.120506;49.04722;781912.19;6883619.33;;commune;2023-10-02
51576_xxxx_00011;5b079667-9610-498c-a63d-a11ab685cd8e;ab2a3230-7fb7-4642-a6e4-ef2fb120f158;3030fe5e-6f8f-4f17-8a39-12060aaa4054;Chemin de Fontaine;;11;;1;51576;Tours-sur-Marne;;;entrée;4.117877;49.050918;781714.18;6884027.86;;commune;2023-04-30
51576_xxxx_00011;5b079667-9610-498c-a63d-a11ab685cd8e;eefa7375-4045-4f89-a16d-6769db5d98e2;3aa1ce37-84dc-4f25-892c-12260e8a9b92;Rue de la Haie du Bois;;11;;1;51576;Tours-sur-Marne;;;entrée;4.113576;49.051008;781399.64;6884033.46;;commune;2023-04-28
51576_xxxx_00011;5b079667-9610-498c-a63d-a11ab685cd8e;fed23f22-adaa-435d-8cc3-bae702861845;337a890f-e8bd-4a09-b891-947d1eab917c;Rue de Condé;;11;;1;51576;Tours-sur-Marne;;;entrée;4.124476;49.0483;782200.64;6883743.57;;commune;2023-05-31
51576_xxxx_00011;5b079667-9610-498c-a63d-a11ab685cd8e;c7ae8ba6-c5a2-4d8c-aa38-38e8d298179a;617216ec-a77a-452f-87f2-dd7d70060db5;Rue de la Maladrie;;11;;1;51576;Tours-sur-Marne;;;entrée;4.111847;49.0508;781273.6;6884008.55;;commune;2023-04-28
51576_xxxx_00011;5b079667-9610-498c-a63d-a11ab685cd8e;f6e931c0-6d12-4160-8feb-3ba15ec70d1f;da4daa6d-ce6b-44c7-aa12-774d6a34cd6e;Rue André Chassigneux;;11;;1;51576;Tours-sur-Marne;;;entrée;4.114733;49.04757;781489.59;6883652.24;;commune;2023-04-30
51576_xxxx_00011;5b079667-9610-498c-a63d-a11ab685cd8e;cb342646-b867-4ca7-bdfd-3fd07a548f29;26de44c6-93eb-4bc0-ab0c-01e0c69814bc;Rue de la Chenevrière;;11;;1;51576;Tours-sur-Marne;;;entrée;4.113082;49.049586;781365.75;6883874.76;51576000ZY0079;commune;2023-04-28
51576_xxxx_00011;5b079667-9610-498c-a63d-a11ab685cd8e;9af5e9be-16a3-4ce7-85ec-650548e82eed;f30523ac-2531-44d8-a86c-b43af951cf7c;Rue de la Vendange;;11;;1;51576;Tours-sur-Marne;;;entrée;4.124582;49.053011;782200.93;6884267.54;;commune;2023-03-20
51576_xxxx_00011;5b079667-9610-498c-a63d-a11ab685cd8e;e0830dfc-21dc-47bb-8b9a-c7fd11bc085c;dec0835b-32f6-48ae-a2a7-a7efd7efb9ca;Rue du Clos des Fourches;;11;;1;51576;Tours-sur-Marne;;;entrée;4.113213;49.050458;781374.01;6883971.88;;commune;2023-04-28
51576_xxxx_00011;5b079667-9610-498c-a63d-a11ab685cd8e;d8222438-ede0-4a27-97ff-a131c03ab47b;12600696-3592-4e59-a234-5e85a0f7bf6f;Rue du Bureau;;11;;1;51576;Tours-sur-Marne;;;entrée;4.120295;49.047873;781895.68;6883691.73;;commune;2023-04-24
51576_xxxx_00011;5b079667-9610-498c-a63d-a11ab685cd8e;1f11309b-6168-4627-9f6c-5782146ae2a9;b5c21d4a-1b36-4f7c-a0f2-c0ff0eeb1c3a;rue du Champ Chapon ZAC Côte des Noirs;;11;;1;51576;Tours-sur-Marne;;;entrée;4.141786;49.069961;783431.1;6886170.55;51576000ZC0160;commune;2024-10-30
51576_xxxx_00011;5b079667-9610-498c-a63d-a11ab685cd8e;37cab16b-0a1e-4550-9f51-560d5afc25ec;7fd35806-e714-4732-a893-e02b3e955443;Place de l’Eglise;;11;;1;51576;Tours-sur-Marne;;;entrée;4.123589;49.046858;782138.07;6883582.31;;commune;2023-04-24
51576_xxxx_00011;5b079667-9610-498c-a63d-a11ab685cd8e;cccebdb0-0f03-4b39-9496-2c61a867f1b8;d5dc007b-b8d6-4ccd-99e6-0292ebd625bb;Allée des Champs Tortus;;11;;1;51576;Tours-sur-Marne;;;entrée;4.109535;49.049797;781106.15;6883894.53;;commune;2025-03-18
51576_xxxx_00011;5b079667-9610-498c-a63d-a11ab685cd8e;4421e05c-e1fe-4729-8ab8-b2175d77d8dd;c50e2342-1b86-4090-a119-9e7b0b69ea13;Rue de l’Avenir;;11;;1;51576;Tours-sur-Marne;;;entrée;4.113914;49.04857;781428.15;6883762.64;;commune;2023-04-30
51576_xxxx_00011;5b079667-9610-498c-a63d-a11ab685cd8e;de0dabc1-7b64-4fe2-b5cb-e390afd699a6;b14b925a-21e6-4291-9591-e51e571149d6;Rue Gaston Erling;;11;;1;51576;Tours-sur-Marne;;;entrée;4.116681;49.051222;781626.3;6884060.44;;commune;2023-04-30
51576_xxxx_00011;5b079667-9610-498c-a63d-a11ab685cd8e;19f501ab-af65-43ec-b7b2-ae073dccc1b9;ddcce3b7-e9ac-4b3c-8550-cf106fde1b7e;Avenue de Champagne;;11;;1;51576;Tours-sur-Marne;;;entrée;4.115993;49.049945;781578.02;6883917.66;;commune;2023-10-10
51576_xxxx_00011;5b079667-9610-498c-a63d-a11ab685cd8e;09bc2c6e-65d3-412f-b6a7-e08ced903b5b;0c6963a0-2c74-4fda-83fc-06afe3bbc53b;Rue du Rempart Nord Ouest;;11;;1;51576;Tours-sur-Marne;;;entrée;4.115925;49.048045;781575.99;6883706.32;;commune;2023-11-02
51576_xxxx_00011;5b079667-9610-498c-a63d-a11ab685cd8e;608df17b-5d90-450a-85b3-d60558fb07d5;49a7ead9-8374-4365-acc8-d9f17f910bfb;Rue du Docteur Rene Bursaux;;11;;1;51576;Tours-sur-Marne;;;entrée;4.115386;49.051043;781531.9;6884039.12;;commune;2023-04-28
51576_xxxx_00011;5b079667-9610-498c-a63d-a11ab685cd8e;db2e6a5f-ab85-45ea-b905-bd7344f5d498;a9f75c9d-94a8-44eb-afb5-1eaa098f4456;Rue de la Croix Saint Jacques;;11;;1;51576;Tours-sur-Marne;;;entrée;4.124743;49.052355;782213.78;6884194.77;;commune;2023-03-20
51576_xxxx_00011;5b079667-9610-498c-a63d-a11ab685cd8e;27ab37dd-4fc7-477d-b53e-8396fb146895;2eb95d21-b3ec-4cdc-89ad-d528ad9d3a7e;Rue du Rempart Est;;11;;1;51576;Tours-sur-Marne;;;entrée;4.125588;49.048032;782282.37;6883714.88;;commune;2023-04-30
51576_xxxx_00011;5b079667-9610-498c-a63d-a11ab685cd8e;cd61758b-1743-4c3c-8fc3-1e5d87884ca0;e95b6b01-d924-4113-9946-e527320cafef;Chemin de Bisseuil;;11;;1;51576;Tours-sur-Marne;;;entrée;4.11395;49.048045;781431.63;6883704.28;;commune;2023-04-30
51576_xxxx_00011;5b079667-9610-498c-a63d-a11ab685cd8e;fa68332f-3d1a-4743-873f-94a4dbbc4385;6aeca0c0-f4cd-4a29-a6cf-8114709d578f;Rue du Pignon Bavard;;11;;1;51576;Tours-sur-Marne;;;entrée;4.123307;49.047629;782116.24;6883667.75;;commune;2023-10-02
51576_xxxx_00011_bis;5b079667-9610-498c-a63d-a11ab685cd8e;d8222438-ede0-4a27-97ff-a131c03ab47b;f1d53096-2d20-4385-a852-16f0b0060477;Rue du Bureau;;11;bis;1;51576;Tours-sur-Marne;;;entrée;4.120284;49.047932;781894.79;6883698.28;;commune;2023-04-24
51576_xxxx_00012;5b079667-9610-498c-a63d-a11ab685cd8e;d8222438-ede0-4a27-97ff-a131c03ab47b;ea859ad0-d8ed-4c2e-b044-1378a08f357b;Rue du Bureau;;12;;1;51576;Tours-sur-Marne;;;entrée;4.120486;49.047934;781909.55;6883698.67;;commune;2023-04-24
51576_xxxx_00012;5b079667-9610-498c-a63d-a11ab685cd8e;a0479ecb-4080-4cb5-b441-61a71d39676a;7e77d545-cd4d-47e1-a807-24165beba755;Rue Haute du Faubourg;;12;;1;51576;Tours-sur-Marne;;;entrée;4.127637;49.046237;782434.98;6883517.44;;commune;2023-10-10
51576_xxxx_00012;5b079667-9610-498c-a63d-a11ab685cd8e;72082ec5-46b5-4f3b-a9e4-08bc0e61dc83;c5c86e74-f90e-40a6-8b77-187fa80b6b6d;Rue Heurpé;;12;;1;51576;Tours-sur-Marne;;;entrée;4.121333;49.048191;781971.09;6883728.2;;commune;2023-02-01
51576_xxxx_00012;5b079667-9610-498c-a63d-a11ab685cd8e;cccebdb0-0f03-4b39-9496-2c61a867f1b8;6aa7b9b7-f0fd-401a-b6af-e350bea137f7;Allée des Champs Tortus;;12;;1;51576;Tours-sur-Marne;;;entrée;4.109712;49.049628;781119.42;6883875.95;;commune;2025-03-18
51576_xxxx_00012;5b079667-9610-498c-a63d-a11ab685cd8e;f6e931c0-6d12-4160-8feb-3ba15ec70d1f;9a9f8dce-1758-4f6c-b161-7c76fbd1a413;Rue André Chassigneux;;12;;1;51576;Tours-sur-Marne;;;entrée;4.115497;49.04847;781544.05;6883753.1;;commune;2023-04-30
51576_xxxx_00012;5b079667-9610-498c-a63d-a11ab685cd8e;19f501ab-af65-43ec-b7b2-ae073dccc1b9;30e7013f-0551-409e-aa02-439e24555ab0;Avenue de Champagne;;12;;1;51576;Tours-sur-Marne;;;entrée;4.117102;49.049686;781659.48;6883890.04;;commune;2023-10-05
51576_xxxx_00012;5b079667-9610-498c-a63d-a11ab685cd8e;28edafb4-d289-455b-95db-bdd90098b434;b1703dcb-e8e3-44d1-b98c-f836bab62e6b;Rue Bernard;;12;;1;51576;Tours-sur-Marne;;;entrée;4.117617;49.047934;781699.85;6883695.73;;commune;2023-02-21
51576_xxxx_00012;5b079667-9610-498c-a63d-a11ab685cd8e;eefa7375-4045-4f89-a16d-6769db5d98e2;0c7d3265-590c-401f-a563-b295eb656fb3;Rue de la Haie du Bois;;12;;1;51576;Tours-sur-Marne;;;entrée;4.113941;49.050605;781426.97;6883988.98;;commune;2023-04-28
51576_xxxx_00012;5b079667-9610-498c-a63d-a11ab685cd8e;719549f3-66a1-4298-b23a-32bddf71eb26;0e9d7564-ed3d-443a-bc67-79fb8d9d8a8b;Rue Adeline Savey;;12;;1;51576;Tours-sur-Marne;;;entrée;4.127412;49.047282;782416.87;6883633.39;;commune;2023-10-10
51576_xxxx_00012;5b079667-9610-498c-a63d-a11ab685cd8e;1f11309b-6168-4627-9f6c-5782146ae2a9;568976d1-9c0b-4e61-a709-7e557d6bdf36;rue du Champ Chapon ZAC Côte des Noirs;;12;;1;51576;Tours-sur-Marne;;;entrée;4.1419;49.071158;783437.52;6886303.79;;commune;2023-01-31
51576_xxxx_00012;5b079667-9610-498c-a63d-a11ab685cd8e;37203a66-c8f1-4372-b0ef-7fb37d0af5ae;bd949f64-3989-47fb-b059-cb03c5b114ab;Rue Basse du Faubourg;;12;;1;51576;Tours-sur-Marne;;;entrée;4.126133;49.046607;782324.46;6883557.03;;commune;2023-05-31
51576_xxxx_00012;5b079667-9610-498c-a63d-a11ab685cd8e;608df17b-5d90-450a-85b3-d60558fb07d5;4f0e40e5-4837-4ee6-9652-81ddf54c24cf;Rue du Docteur Rene Bursaux;;12;;1;51576;Tours-sur-Marne;;;entrée;4.115839;49.05093;781565.22;6884027.12;;commune;2023-04-28
51576_xxxx_00012;5b079667-9610-498c-a63d-a11ab685cd8e;7e70ff9f-6566-4d37-8352-abc86efbfd4e;f8342b3d-3079-4d51-b45d-5bb4f3fdaf78;Rue du Montcey;;12;;1;51576;Tours-sur-Marne;;;entrée;4.118129;49.047293;781738.33;6883624.95;;commune;2023-11-02
51576_xxxx_00012;5b079667-9610-498c-a63d-a11ab685cd8e;0a2f370d-cebd-4332-a984-c63d8ff86e79;2b8fcbe0-069b-401e-b494-9f72b61133ea;Rue Antoine Drouilly;;12;;1;51576;Tours-sur-Marne;;;entrée;4.11484;49.048942;781495.32;6883804.98;;commune;2023-04-30
51576_xxxx_00012;5b079667-9610-498c-a63d-a11ab685cd8e;db2e6a5f-ab85-45ea-b905-bd7344f5d498;48ed6c6b-fc12-460a-9764-126ce4a2adcb;Rue de la Croix Saint Jacques;;12;;1;51576;Tours-sur-Marne;;;entrée;4.125505;49.052634;782269.02;6884226.61;;commune;2023-03-20
51576_xxxx_00012;5b079667-9610-498c-a63d-a11ab685cd8e;336b6b1c-3f8f-4434-84ba-0ff46b3d9d95;1e4842b1-6346-430f-a969-c4a7eb153356;Rue du Rempart Nord;;12;;1;51576;Tours-sur-Marne;;;entrée;4.120754;49.048881;781927.66;6883804.26;;commune;2023-11-02
51576_xxxx_00012;5b079667-9610-498c-a63d-a11ab685cd8e;a275b169-19ae-478f-830e-b230fc849be5;7cb583f3-fd1d-41f4-845b-86415d538edc;Rue du Champ Rouen ZAC Côte des Noirs;;12;;1;51576;Tours-sur-Marne;;;entrée;4.140877;49.072985;783359.88;6886505.86;;commune;2023-01-31
51576_xxxx_00012;5b079667-9610-498c-a63d-a11ab685cd8e;c61556c2-3178-4568-85bf-bb93171b1645;fed80ccf-1d9f-4923-be43-a9f0d7dc1faf;Rue de la Halle;;12;;1;51576;Tours-sur-Marne;;;entrée;4.120732;49.047048;781928.96;6883600.49;;commune;2023-10-02
51576_xxxx_00012;5b079667-9610-498c-a63d-a11ab685cd8e;12f00825-2093-4b88-a9b8-7f6e11e02ae3;5a1895f0-dfbc-4957-ad17-ccc8f841c84a;Rue de la Garde;;12;;1;51576;Tours-sur-Marne;;;entrée;4.119513;49.050572;781834.31;6883991.02;;commune;2023-04-30
51576_xxxx_00012;5b079667-9610-498c-a63d-a11ab685cd8e;87e03631-c5ef-49f3-bae4-16832393658b;3ee1bda9-c028-4c70-b7c2-39fc60326462;Rue de l’Eglise;;12;;1;51576;Tours-sur-Marne;;;entrée;4.123367;49.046653;782122.21;6883559.24;;commune;2023-10-03
51576_xxxx_00012;5b079667-9610-498c-a63d-a11ab685cd8e;2949adbd-4db0-47af-9bbc-fb65054405fc;f142fc37-6fc4-4c33-838a-5d9d4444b704;Impasse des Fées;;12;;1;51576;Tours-sur-Marne;;;entrée;4.11676;49.047711;781637.53;6883670;;commune;2023-04-30
51576_xxxx_00012;5b079667-9610-498c-a63d-a11ab685cd8e;2d445b45-1c0d-40cf-a639-961a5cb9dc56;0f4032fa-d390-4985-a5d0-c6c6d71f7ca0;Rue de Crouy;;12;;1;51576;Tours-sur-Marne;;;entrée;4.116455;49.046818;781616.7;6883570.47;;commune;2023-04-30
51576_xxxx_00012;5b079667-9610-498c-a63d-a11ab685cd8e;25441fdf-dca1-4f36-9a81-bea547909b10;8d02847a-2f54-4f0e-897b-d5cd2b22803b;Rue du Buisson Jacquet;;12;;1;51576;Tours-sur-Marne;;;entrée;4.111047;49.048843;781218.18;6883790.03;;commune;2023-04-28
51576_xxxx_00012;5b079667-9610-498c-a63d-a11ab685cd8e;c7ae8ba6-c5a2-4d8c-aa38-38e8d298179a;7521917c-2e84-4144-a969-b193908c62c3;Rue de la Maladrie;;12;;1;51576;Tours-sur-Marne;;;entrée;4.111546;49.050989;781251.29;6884029.23;;commune;2023-04-28
51576_xxxx_00012;5b079667-9610-498c-a63d-a11ab685cd8e;e0830dfc-21dc-47bb-8b9a-c7fd11bc085c;cdbcaceb-df57-4fc9-abf0-2a8a00012ca4;Rue du Clos des Fourches;;12;;1;51576;Tours-sur-Marne;;;entrée;4.112562;49.051075;781325.45;6884039.79;;commune;2023-04-28
51576_xxxx_00012;5b079667-9610-498c-a63d-a11ab685cd8e;cb342646-b867-4ca7-bdfd-3fd07a548f29;b51affd3-420b-4290-92ed-6a147a64ba2a;Rue de la Chenevrière;;12;;1;51576;Tours-sur-Marne;;;entrée;4.113051;49.050065;781362.73;6883928;;commune;2023-04-28
51576_xxxx_00012_bis;5b079667-9610-498c-a63d-a11ab685cd8e;d8222438-ede0-4a27-97ff-a131c03ab47b;4db8b4f8-f2e8-469b-a23e-4bac48224946;Rue du Bureau;;12;bis;1;51576;Tours-sur-Marne;;;entrée;4.120739;49.047949;781928.03;6883700.66;;commune;2023-04-24
51576_xxxx_00013;5b079667-9610-498c-a63d-a11ab685cd8e;37cab16b-0a1e-4550-9f51-560d5afc25ec;e5f951dd-3e46-4a5f-8f1f-cf7eceffc475;Place de l’Eglise;;13;;1;51576;Tours-sur-Marne;;;entrée;4.123722;49.046926;782147.7;6883589.94;;commune;2024-02-19
51576_xxxx_00013;5b079667-9610-498c-a63d-a11ab685cd8e;09bc2c6e-65d3-412f-b6a7-e08ced903b5b;8243ff43-0786-467e-8a65-33902fe6917f;Rue du Rempart Nord Ouest;;13;;1;51576;Tours-sur-Marne;;;entrée;4.116024;49.04815;781583.11;6883718.15;;commune;2023-04-30
51576_xxxx_00013;5b079667-9610-498c-a63d-a11ab685cd8e;4421e05c-e1fe-4729-8ab8-b2175d77d8dd;2e7431f4-0c74-4e9d-86dd-48be363c6150;Rue de l’Avenir;;13;;1;51576;Tours-sur-Marne;;;entrée;4.113876;49.048671;781425.28;6883773.84;;commune;2023-04-30
51576_xxxx_00013;5b079667-9610-498c-a63d-a11ab685cd8e;608df17b-5d90-450a-85b3-d60558fb07d5;ea41d398-7573-423a-bf02-de3bad7117e8;Rue du Docteur Rene Bursaux;;13;;1;51576;Tours-sur-Marne;;;entrée;4.114966;49.051347;781500.72;6884072.52;;commune;2023-04-28
51576_xxxx_00013;5b079667-9610-498c-a63d-a11ab685cd8e;1f11309b-6168-4627-9f6c-5782146ae2a9;81ddac9d-55cc-452a-b3a0-638809f4a702;rue du Champ Chapon ZAC Côte des Noirs;;13;;1;51576;Tours-sur-Marne;;;entrée;4.141022;49.070029;783375.22;6886177.29;51576000ZC0173;commune;2024-10-30
51576_xxxx_00013;5b079667-9610-498c-a63d-a11ab685cd8e;9af5e9be-16a3-4ce7-85ec-650548e82eed;9b44b3c2-b988-459a-bd3e-b432501523c0;Rue de la Vendange;;13;;1;51576;Tours-sur-Marne;;;entrée;4.124857;49.053056;782220.97;6884272.8;;commune;2023-03-20
51576_xxxx_00013;5b079667-9610-498c-a63d-a11ab685cd8e;eefa7375-4045-4f89-a16d-6769db5d98e2;06d37314-3934-4cf2-8440-b1997d43bfbb;Rue de la Haie du Bois;;13;;1;51576;Tours-sur-Marne;;;entrée;4.113515;49.051152;781394.95;6884049.41;51576000ZL0001;commune;2023-04-28
51576_xxxx_00013;5b079667-9610-498c-a63d-a11ab685cd8e;1ff75f78-11ac-41ea-a3f7-6c5dbbd1864e;6f3f2812-6f75-4fe2-9d2e-416f43c54a1a;Rue de Bisseuil;;13;;1;51576;Tours-sur-Marne;;;entrée;4.115061;49.047278;781514.04;6883620.14;;commune;2023-04-30
51576_xxxx_00013;5b079667-9610-498c-a63d-a11ab685cd8e;25441fdf-dca1-4f36-9a81-bea547909b10;7cd936ff-37d2-4613-8b7c-6ad92ea6042d;Rue du Buisson Jacquet;;13;;1;51576;Tours-sur-Marne;;;entrée;4.111703;49.04884;781266.12;6883790.42;;commune;2024-02-19
51576_xxxx_00013;5b079667-9610-498c-a63d-a11ab685cd8e;a0479ecb-4080-4cb5-b441-61a71d39676a;afac364a-1b48-462d-b2f9-80e4c8d0df36;Rue Haute du Faubourg;;13;;1;51576;Tours-sur-Marne;;;entrée;4.127863;49.046308;782451.41;6883525.52;;commune;2024-02-19
51576_xxxx_00013;5b079667-9610-498c-a63d-a11ab685cd8e;fed23f22-adaa-435d-8cc3-bae702861845;6ebf9aad-8e10-43b7-ae46-0b2dc67d9235;Rue de Condé;;13;;1;51576;Tours-sur-Marne;;;entrée;4.124708;49.048266;782217.68;6883740.06;;commune;2023-10-02
51576_xxxx_00013;5b079667-9610-498c-a63d-a11ab685cd8e;de0dabc1-7b64-4fe2-b5cb-e390afd699a6;284a9acf-9e7f-4e7f-852f-28dc3300fb8e;Rue Gaston Erling;;13;;1;51576;Tours-sur-Marne;;;entrée;4.116551;49.051311;781616.61;6884070.21;;commune;2023-04-30
51576_xxxx_00013;5b079667-9610-498c-a63d-a11ab685cd8e;e0830dfc-21dc-47bb-8b9a-c7fd11bc085c;5f12a566-d80c-4b7d-8fea-980fd08dda68;Rue du Clos des Fourches;;13;;1;51576;Tours-sur-Marne;;;entrée;4.113581;49.050448;781400.88;6883971.09;;commune;2023-11-02
51576_xxxx_00013;5b079667-9610-498c-a63d-a11ab685cd8e;f6e931c0-6d12-4160-8feb-3ba15ec70d1f;ed5c6999-c3ee-4868-8fc1-10f24fa757cb;Rue André Chassigneux;;13;;1;51576;Tours-sur-Marne;;;entrée;4.114693;49.047689;781486.49;6883665.45;;commune;2023-04-30
51576_xxxx_00013;5b079667-9610-498c-a63d-a11ab685cd8e;db2e6a5f-ab85-45ea-b905-bd7344f5d498;f6f9b706-02e2-4d78-8554-8b494f1e218e;Rue de la Croix Saint Jacques;;13;;1;51576;Tours-sur-Marne;;;entrée;4.12505;49.052411;782236.11;6884201.35;;commune;2023-03-20
51576_xxxx_00013;5b079667-9610-498c-a63d-a11ab685cd8e;ab2a3230-7fb7-4642-a6e4-ef2fb120f158;42b86713-4fbc-4b5b-846f-2607585917ad;Chemin de Fontaine;;13;;1;51576;Tours-sur-Marne;;;entrée;4.117796;49.051113;781707.92;6884049.42;;commune;2023-04-30
51576_xxxx_00013;5b079667-9610-498c-a63d-a11ab685cd8e;72082ec5-46b5-4f3b-a9e4-08bc0e61dc83;1df08389-3335-4b90-a48c-be6c8597bd93;Rue Heurpé;;13;;1;51576;Tours-sur-Marne;;;entrée;4.120684;49.049461;781921.62;6883868.76;;commune;2023-02-01
51576_xxxx_00013;5b079667-9610-498c-a63d-a11ab685cd8e;cb342646-b867-4ca7-bdfd-3fd07a548f29;2d241093-9ee3-4563-a6c6-068bec2424f4;Rue de la Chenevrière;;13;;1;51576;Tours-sur-Marne;;;entrée;4.113073;49.049662;781365;6883883.22;;commune;2023-04-28
51576_xxxx_00013;5b079667-9610-498c-a63d-a11ab685cd8e;d8222438-ede0-4a27-97ff-a131c03ab47b;31b7c874-ecd6-42cc-bac0-b302aa4aefb3;Rue du Bureau;;13;;1;51576;Tours-sur-Marne;;;entrée;4.120245;49.048127;781891.69;6883719.9;;commune;2023-04-24
51576_xxxx_00013;5b079667-9610-498c-a63d-a11ab685cd8e;c7ae8ba6-c5a2-4d8c-aa38-38e8d298179a;cdb34bd9-9e76-4ad6-abcc-2ead50a5ba83;Rue de la Maladrie;;13;;1;51576;Tours-sur-Marne;;;entrée;4.111758;49.051027;781266.77;6884033.64;;commune;2023-04-28
51576_xxxx_00013;5b079667-9610-498c-a63d-a11ab685cd8e;19f501ab-af65-43ec-b7b2-ae073dccc1b9;62338db3-cb7a-478b-96b1-99d81e0cc963;Avenue de Champagne;;13;;1;51576;Tours-sur-Marne;;;entrée;4.116093;49.050003;781585.19;6883924.29;;commune;2023-10-10
51576_xxxx_00013_bis;5b079667-9610-498c-a63d-a11ab685cd8e;f6e931c0-6d12-4160-8feb-3ba15ec70d1f;f8236b18-2e13-44ab-bf15-cd40c13a43c7;Rue André Chassigneux;;13;bis;1;51576;Tours-sur-Marne;;;entrée;4.114623;49.047961;781480.98;6883695.65;;commune;2023-04-30
51576_xxxx_00014;5b079667-9610-498c-a63d-a11ab685cd8e;72082ec5-46b5-4f3b-a9e4-08bc0e61dc83;485a737a-7cd8-406f-bf6d-4e6dc7810ee1;Rue Heurpé;;14;;1;51576;Tours-sur-Marne;;;entrée;4.121252;49.048371;781964.87;6883748.08;;commune;2023-02-01
51576_xxxx_00014;5b079667-9610-498c-a63d-a11ab685cd8e;d8222438-ede0-4a27-97ff-a131c03ab47b;01ff60ff-eaf4-4e53-9898-537f1368d91e;Rue du Bureau;;14;;1;51576;Tours-sur-Marne;;;entrée;4.120475;49.048033;781908.59;6883709.68;;commune;2023-04-24
51576_xxxx_00014;5b079667-9610-498c-a63d-a11ab685cd8e;2949adbd-4db0-47af-9bbc-fb65054405fc;3b02a473-0e1b-4f32-b489-7abe2a55adf4;Impasse des Fées;;14;;1;51576;Tours-sur-Marne;;;entrée;4.116709;49.047697;781633.89;6883668.48;;commune;2023-04-30
51576_xxxx_00014;5b079667-9610-498c-a63d-a11ab685cd8e;12f00825-2093-4b88-a9b8-7f6e11e02ae3;972a5a6a-9f39-4a1e-bb6c-a45188ba7af5;Rue de la Garde;;14;;1;51576;Tours-sur-Marne;;;entrée;4.119476;49.050638;781831.49;6883998.41;;commune;2023-04-30
51576_xxxx_00014;5b079667-9610-498c-a63d-a11ab685cd8e;eefa7375-4045-4f89-a16d-6769db5d98e2;074ba077-f93d-4c50-9726-8c24bffafd1c;Rue de la Haie du Bois;;14;;1;51576;Tours-sur-Marne;;;entrée;4.113776;49.05109;781414.12;6884042.72;;commune;2023-04-28
51576_xxxx_00014;5b079667-9610-498c-a63d-a11ab685cd8e;e0830dfc-21dc-47bb-8b9a-c7fd11bc085c;f9401304-dbc4-4d76-becd-9d0f6393b376;Rue du Clos des Fourches;;14;;1;51576;Tours-sur-Marne;;;entrée;4.11266;49.050926;781332.82;6884023.38;;commune;2023-04-28
51576_xxxx_00014;5b079667-9610-498c-a63d-a11ab685cd8e;f6e931c0-6d12-4160-8feb-3ba15ec70d1f;c434d0c2-5fa1-431f-a551-35f20796e701;Rue André Chassigneux;;14;;1;51576;Tours-sur-Marne;;;entrée;4.115614;49.048605;781552.43;6883768.25;;commune;2023-04-30
51576_xxxx_00014;5b079667-9610-498c-a63d-a11ab685cd8e;a0479ecb-4080-4cb5-b441-61a71d39676a;cf0b3bfb-22ac-4eb6-9574-e405260053bf;Rue Haute du Faubourg;;14;;1;51576;Tours-sur-Marne;;;entrée;4.127933;49.046163;782456.77;6883509.51;;commune;2023-10-10
51576_xxxx_00014;5b079667-9610-498c-a63d-a11ab685cd8e;2d445b45-1c0d-40cf-a639-961a5cb9dc56;3a0ce619-3f7d-411b-bd8d-af881b55c352;Rue de Crouy;;14;;1;51576;Tours-sur-Marne;;;entrée;4.116267;49.046727;781603.07;6883560.16;;commune;2023-04-30
51576_xxxx_00014;5b079667-9610-498c-a63d-a11ab685cd8e;25441fdf-dca1-4f36-9a81-bea547909b10;dc2320f4-b2f1-4365-99ad-3782393a974e;Rue du Buisson Jacquet;;14;;1;51576;Tours-sur-Marne;;;entrée;4.111405;49.048911;781244.28;6883798.02;;commune;2023-04-28
51576_xxxx_00014;5b079667-9610-498c-a63d-a11ab685cd8e;c7ae8ba6-c5a2-4d8c-aa38-38e8d298179a;28587996-337f-4b93-a341-ac4de904969e;Rue de la Maladrie;;14;;1;51576;Tours-sur-Marne;;;entrée;4.111475;49.051204;781245.77;6884053.05;;commune;2023-04-28
51576_xxxx_00014;5b079667-9610-498c-a63d-a11ab685cd8e;cccebdb0-0f03-4b39-9496-2c61a867f1b8;9f74463c-5911-4ccf-bec6-8bfb8c5caaf7;Allée des Champs Tortus;;14;;1;51576;Tours-sur-Marne;;;entrée;4.109575;49.049702;781109.25;6883884.1;;commune;2025-03-18
51576_xxxx_00014;5b079667-9610-498c-a63d-a11ab685cd8e;7e70ff9f-6566-4d37-8352-abc86efbfd4e;17f59daa-95c7-4acf-b196-a06c9d6d53f2;Rue du Montcey;;14;;1;51576;Tours-sur-Marne;;;entrée;4.117668;49.047302;781704.56;6883625.56;;commune;2023-11-02
51576_xxxx_00014;5b079667-9610-498c-a63d-a11ab685cd8e;1f11309b-6168-4627-9f6c-5782146ae2a9;f5d6886b-58c3-41bc-9506-e4d11e71bdc1;rue du Champ Chapon ZAC Côte des Noirs;;14;;1;51576;Tours-sur-Marne;;;entrée;4.141275;49.071317;783391.6;6886320.72;;commune;2023-01-31
51576_xxxx_00014;5b079667-9610-498c-a63d-a11ab685cd8e;37203a66-c8f1-4372-b0ef-7fb37d0af5ae;e12e9c7d-662e-4614-93c7-401555cb763c;Rue Basse du Faubourg;;14;;1;51576;Tours-sur-Marne;;;entrée;4.126433;49.046662;782346.33;6883563.41;;commune;2023-05-31
51576_xxxx_00014;5b079667-9610-498c-a63d-a11ab685cd8e;c61556c2-3178-4568-85bf-bb93171b1645;3568b605-ec71-46ea-9aee-8a1364fdc4cd;Rue de la Halle;;14;;1;51576;Tours-sur-Marne;;;entrée;4.120895;49.04705;781940.87;6883600.8;;commune;2023-10-02
51576_xxxx_00014_bis;5b079667-9610-498c-a63d-a11ab685cd8e;eefa7375-4045-4f89-a16d-6769db5d98e2;854dc04c-7d2a-4651-96d6-31e71b33b15d;Rue de la Haie du Bois;;14;bis;1;51576;Tours-sur-Marne;;;entrée;4.113643;49.051353;781403.99;6884071.83;;commune;2023-04-28
51576_xxxx_00014_bis;5b079667-9610-498c-a63d-a11ab685cd8e;72082ec5-46b5-4f3b-a9e4-08bc0e61dc83;57cd98a2-7466-404e-a1a7-40cc28dd4e73;Rue Heurpé;;14;bis;1;51576;Tours-sur-Marne;;;entrée;4.121204;49.048454;781961.22;6883757.28;;commune;2023-02-01
51576_xxxx_00015;5b079667-9610-498c-a63d-a11ab685cd8e;ab2a3230-7fb7-4642-a6e4-ef2fb120f158;70024638-1434-4598-ab30-8c595c02069a;Chemin de Fontaine;;15;;1;51576;Tours-sur-Marne;;;entrée;4.117728;49.051253;781702.73;6884064.9;;commune;2023-04-30
51576_xxxx_00015;5b079667-9610-498c-a63d-a11ab685cd8e;e0830dfc-21dc-47bb-8b9a-c7fd11bc085c;9353262e-2227-4e5c-9046-03c8812fdc9d;Rue du Clos des Fourches;;15;;1;51576;Tours-sur-Marne;;;entrée;4.113438;49.050315;781390.68;6883956.18;;commune;2023-04-28
51576_xxxx_00015;5b079667-9610-498c-a63d-a11ab685cd8e;eefa7375-4045-4f89-a16d-6769db5d98e2;323cd89a-d911-4d77-8ea9-3c2a70742e4a;Rue de la Haie du Bois;;15;;1;51576;Tours-sur-Marne;;;entrée;4.113463;49.051309;781390.92;6884066.78;;commune;2023-04-28
51576_xxxx_00015;5b079667-9610-498c-a63d-a11ab685cd8e;608df17b-5d90-450a-85b3-d60558fb07d5;11a5c4e5-3cbe-453a-8a18-4ea63bafea55;Rue du Docteur Rene Bursaux;;15;;1;51576;Tours-sur-Marne;;;entrée;4.11457;49.051513;781471.54;6884090.59;;commune;2025-10-16
51576_xxxx_00015;5b079667-9610-498c-a63d-a11ab685cd8e;c7ae8ba6-c5a2-4d8c-aa38-38e8d298179a;e9208840-0740-4860-8b2f-ac5656bb31a9;Rue de la Maladrie;;15;;1;51576;Tours-sur-Marne;;;entrée;4.111674;49.051256;781260.26;6884059.06;;commune;2023-04-28
51576_xxxx_00015;5b079667-9610-498c-a63d-a11ab685cd8e;de0dabc1-7b64-4fe2-b5cb-e390afd699a6;a0a5a6c2-5bef-4792-8748-7d00f05ad1e0;Rue Gaston Erling;;15;;1;51576;Tours-sur-Marne;;;entrée;4.116497;49.051381;781612.6;6884077.92;;commune;2023-04-30
51576_xxxx_00015;5b079667-9610-498c-a63d-a11ab685cd8e;db2e6a5f-ab85-45ea-b905-bd7344f5d498;c54b0dec-c0f7-4874-913f-dca4be6af132;Rue de la Croix Saint Jacques;;15;;1;51576;Tours-sur-Marne;;;entrée;4.125317;49.052455;782255.52;6884206.48;;commune;2023-03-20
51576_xxxx_00015;5b079667-9610-498c-a63d-a11ab685cd8e;1f11309b-6168-4627-9f6c-5782146ae2a9;2b99ee68-a474-4082-b178-cb24e8ff1bee;rue du Champ Chapon ZAC Côte des Noirs;;15;;1;51576;Tours-sur-Marne;;;entrée;4.140872;49.070072;783364.15;6886181.84;51576000ZC0099|51576000ZC0100;commune;2024-10-30
51576_xxxx_00015;5b079667-9610-498c-a63d-a11ab685cd8e;f6e931c0-6d12-4160-8feb-3ba15ec70d1f;8d8061e4-14a4-4267-93d1-f34a6de401f6;Rue André Chassigneux;;15;;1;51576;Tours-sur-Marne;;;entrée;4.114959;49.048085;781505.31;6883709.84;;commune;2023-04-30
51576_xxxx_00015;5b079667-9610-498c-a63d-a11ab685cd8e;09bc2c6e-65d3-412f-b6a7-e08ced903b5b;4cc5ee3c-fe17-48f4-8457-1292256cce01;Rue du Rempart Nord Ouest;;15;;1;51576;Tours-sur-Marne;;;entrée;4.116153;49.048251;781592.34;6883729.44;;commune;2023-11-02
51576_xxxx_00015;5b079667-9610-498c-a63d-a11ab685cd8e;4421e05c-e1fe-4729-8ab8-b2175d77d8dd;c37a5ae3-2de1-4643-a6be-97bb25ae2efb;Rue de l’Avenir;;15;;1;51576;Tours-sur-Marne;;;entrée;4.11385;49.048755;781423.18;6883783.14;;commune;2023-04-30
51576_xxxx_00015;5b079667-9610-498c-a63d-a11ab685cd8e;9af5e9be-16a3-4ce7-85ec-650548e82eed;ad13f6d4-cff2-4956-828f-4e3b1e45dc06;Rue de la Vendange;;15;;1;51576;Tours-sur-Marne;;;entrée;4.125226;49.053112;782247.86;6884279.48;;commune;2023-03-20
51576_xxxx_00015;5b079667-9610-498c-a63d-a11ab685cd8e;72082ec5-46b5-4f3b-a9e4-08bc0e61dc83;b5a67cfd-fcff-43af-9945-597fe0f37a51;Rue Heurpé;;15;;1;51576;Tours-sur-Marne;;;entrée;4.120653;49.049541;781919.27;6883877.6;;commune;2023-02-01
51576_xxxx_00015;5b079667-9610-498c-a63d-a11ab685cd8e;cb342646-b867-4ca7-bdfd-3fd07a548f29;889850b5-3623-45ba-ac37-d87beff646a7;Rue de la Chenevrière;;15;;1;51576;Tours-sur-Marne;;;entrée;4.113041;49.049749;781362.53;6883892.87;;commune;2023-04-28
51576_xxxx_00015;5b079667-9610-498c-a63d-a11ab685cd8e;1ff75f78-11ac-41ea-a3f7-6c5dbbd1864e;1f720415-72bd-4e6c-8636-c47e6bcd8980;Rue de Bisseuil;;15;;1;51576;Tours-sur-Marne;;;entrée;4.114724;49.047222;781489.51;6883613.57;;commune;2023-04-30
51576_xxxx_00015;5b079667-9610-498c-a63d-a11ab685cd8e;19f501ab-af65-43ec-b7b2-ae073dccc1b9;27453157-178c-40b7-8382-7bd56801f2a5;Avenue de Champagne;;15;;1;51576;Tours-sur-Marne;;;entrée;4.116153;49.050098;781589.48;6883934.89;;commune;2023-10-10
51576_xxxx_00015;5b079667-9610-498c-a63d-a11ab685cd8e;fed23f22-adaa-435d-8cc3-bae702861845;266b639c-69cf-465a-9349-f3ea71645dce;Rue de Condé;;15;;1;51576;Tours-sur-Marne;;;entrée;4.125161;49.048207;782250.9;6883733.93;;commune;2023-05-31
51576_xxxx_00016;5b079667-9610-498c-a63d-a11ab685cd8e;e0830dfc-21dc-47bb-8b9a-c7fd11bc085c;abe2f7af-e1c8-4f20-8b9d-5842859aece1;Rue du Clos des Fourches;;16;;1;51576;Tours-sur-Marne;;;entrée;4.112789;49.050764;781342.49;6884005.5;;commune;2023-04-28
51576_xxxx_00016;5b079667-9610-498c-a63d-a11ab685cd8e;72082ec5-46b5-4f3b-a9e4-08bc0e61dc83;f0c33843-3554-48a1-b351-4aa773aa2ba0;Rue Heurpé;;16;;1;51576;Tours-sur-Marne;;;entrée;4.121145;49.048594;781956.73;6883772.74;;commune;2023-02-01
51576_xxxx_00016;5b079667-9610-498c-a63d-a11ab685cd8e;19f501ab-af65-43ec-b7b2-ae073dccc1b9;8f282266-4054-4c81-84e1-f9958e53a1ec;Avenue de Champagne;;16;;1;51576;Tours-sur-Marne;;;entrée;4.119111;49.04966;781806.33;6883889.27;;commune;2023-10-03
51576_xxxx_00016;5b079667-9610-498c-a63d-a11ab685cd8e;d8222438-ede0-4a27-97ff-a131c03ab47b;80f812c5-e086-40fa-801d-d3d1d511d240;Rue du Bureau;;16;;1;51576;Tours-sur-Marne;;;entrée;4.120573;49.048011;781915.82;6883707.33;;commune;2023-04-24
51576_xxxx_00016;5b079667-9610-498c-a63d-a11ab685cd8e;2949adbd-4db0-47af-9bbc-fb65054405fc;f5d45651-b4fb-4ded-b2bd-fce842ba23ec;Impasse des Fées;;16;;1;51576;Tours-sur-Marne;;;entrée;4.116697;49.047655;781633.08;6883663.75;;commune;2023-04-30
51576_xxxx_00016;5b079667-9610-498c-a63d-a11ab685cd8e;12f00825-2093-4b88-a9b8-7f6e11e02ae3;f2ff59e8-adfa-4ef7-992b-4774092eaf53;Rue de la Garde;;16;;1;51576;Tours-sur-Marne;;;entrée;4.119444;49.050707;781829.05;6884005.97;;commune;2023-04-30
51576_xxxx_00016;5b079667-9610-498c-a63d-a11ab685cd8e;37203a66-c8f1-4372-b0ef-7fb37d0af5ae;ba4ae241-2c60-4194-baca-e829c9f60feb;Rue Basse du Faubourg;;16;;1;51576;Tours-sur-Marne;;;entrée;4.12669;49.046725;782364.96;6883570.71;;commune;2023-05-31
51576_xxxx_00016;5b079667-9610-498c-a63d-a11ab685cd8e;eefa7375-4045-4f89-a16d-6769db5d98e2;f9926a9c-90fa-4eb2-b100-6e5363685134;Rue de la Haie du Bois;;16;;1;51576;Tours-sur-Marne;;;entrée;4.113595;49.051504;781400.27;6884088.58;;commune;2025-10-16
51576_xxxx_00016;5b079667-9610-498c-a63d-a11ab685cd8e;336b6b1c-3f8f-4434-84ba-0ff46b3d9d95;2e9893cb-da2f-43cc-8fff-e05b804d3b64;Rue du Rempart Nord;;16;;1;51576;Tours-sur-Marne;;;entrée;4.122098;49.049112;782025.52;6883831.39;;commune;2023-04-30
51576_xxxx_00016;5b079667-9610-498c-a63d-a11ab685cd8e;f6e931c0-6d12-4160-8feb-3ba15ec70d1f;0c172a0f-908b-489a-9d7a-1d737d9bda59;Rue André Chassigneux;;16;;1;51576;Tours-sur-Marne;;;entrée;4.11571;49.048717;781559.22;6883780.79;;commune;2023-04-30
51576_xxxx_00016;5b079667-9610-498c-a63d-a11ab685cd8e;1f11309b-6168-4627-9f6c-5782146ae2a9;f75ab8a3-55d6-46a9-8fc8-5fa5ae1da80b;rue du Champ Chapon ZAC Côte des Noirs;;16;;1;51576;Tours-sur-Marne;;;entrée;4.141041;49.071259;783374.6;6886314.08;;commune;2023-01-31
51576_xxxx_00016;5b079667-9610-498c-a63d-a11ab685cd8e;608df17b-5d90-450a-85b3-d60558fb07d5;c8fd877e-e208-4862-b114-d817c773b818;Rue du Docteur Rene Bursaux;;16;;1;51576;Tours-sur-Marne;;;entrée;4.115343;49.051273;781528.41;6884064.64;;commune;2023-04-28
51576_xxxx_00017;5b079667-9610-498c-a63d-a11ab685cd8e;e0830dfc-21dc-47bb-8b9a-c7fd11bc085c;d8cbd3b3-ca71-4b33-bbda-a892cd1e35b7;Rue du Clos des Fourches;;17;;1;51576;Tours-sur-Marne;;;entrée;4.113164;49.05031;781370.6;6883955.32;;commune;2023-04-28
51576_xxxx_00017;5b079667-9610-498c-a63d-a11ab685cd8e;de0dabc1-7b64-4fe2-b5cb-e390afd699a6;51211dfb-d118-40b1-86f7-c70363a9b501;Rue Gaston Erling;;17;;1;51576;Tours-sur-Marne;;;entrée;4.116582;49.051427;781618.69;6884083.15;;commune;2023-04-30
51576_xxxx_00017;5b079667-9610-498c-a63d-a11ab685cd8e;1f11309b-6168-4627-9f6c-5782146ae2a9;029b9a68-833d-4cc8-bab0-134d23f562f3;rue du Champ Chapon ZAC Côte des Noirs;;17;;1;51576;Tours-sur-Marne;;;entrée;4.14074;49.070091;783354.51;6886183.84;51576000ZC0096;commune;2024-10-30
51576_xxxx_00017;5b079667-9610-498c-a63d-a11ab685cd8e;9af5e9be-16a3-4ce7-85ec-650548e82eed;fc2c8de2-163d-4416-af72-81b1f175afba;Rue de la Vendange;;17;;1;51576;Tours-sur-Marne;;;entrée;4.125482;49.053163;782266.47;6884285.34;;commune;2023-03-20
51576_xxxx_00017;5b079667-9610-498c-a63d-a11ab685cd8e;19f501ab-af65-43ec-b7b2-ae073dccc1b9;84aa2c33-fedb-4690-9284-40503dd52c21;Avenue de Champagne;;17;;1;51576;Tours-sur-Marne;;;entrée;4.116548;49.049813;781618.78;6883903.54;;commune;2023-10-03
51576_xxxx_00017;5b079667-9610-498c-a63d-a11ab685cd8e;72082ec5-46b5-4f3b-a9e4-08bc0e61dc83;10a26e2f-4dc7-4f1c-b648-e723f3d60445;Rue Heurpé;;17;;1;51576;Tours-sur-Marne;;;entrée;4.120603;49.049661;781915.37;6883890.86;;commune;2023-02-01
51576_xxxx_00017;5b079667-9610-498c-a63d-a11ab685cd8e;cb342646-b867-4ca7-bdfd-3fd07a548f29;fae247e1-ec12-48b9-9157-44670fa658ab;Rue de la Chenevrière;;17;;1;51576;Tours-sur-Marne;;;entrée;4.113007;49.049866;781359.89;6883905.8;;commune;2023-04-28
51576_xxxx_00017;5b079667-9610-498c-a63d-a11ab685cd8e;608df17b-5d90-450a-85b3-d60558fb07d5;52d90413-648b-4434-97ab-d8bdef5f75fc;Rue du Docteur Rene Bursaux;;17;;1;51576;Tours-sur-Marne;;;entrée;4.114373;49.051431;781457.27;6884081.29;;commune;2025-10-16
51576_xxxx_00017;5b079667-9610-498c-a63d-a11ab685cd8e;4421e05c-e1fe-4729-8ab8-b2175d77d8dd;d75ca5a5-dbc6-4f4f-98e4-93d9e884adba;Rue de l’Avenir;;17;;1;51576;Tours-sur-Marne;;;entrée;4.113807;49.048861;781419.94;6883794.87;;commune;2023-04-30
51576_xxxx_00017;5b079667-9610-498c-a63d-a11ab685cd8e;c61556c2-3178-4568-85bf-bb93171b1645;84ed00ce-862b-42b3-a91b-3fb077431cb5;Rue de la Halle;;17;;1;51576;Tours-sur-Marne;;;entrée;4.120699;49.047211;781926.27;6883618.53;;commune;2023-10-02
51576_xxxx_00017;5b079667-9610-498c-a63d-a11ab685cd8e;db2e6a5f-ab85-45ea-b905-bd7344f5d498;e289ceab-25eb-4ab2-ac7c-bff90e66fe32;Rue de la Croix Saint Jacques;;17;;1;51576;Tours-sur-Marne;;;entrée;4.12556;49.052502;782273.26;6884211.98;;commune;2023-03-20
51576_xxxx_00017;5b079667-9610-498c-a63d-a11ab685cd8e;f6e931c0-6d12-4160-8feb-3ba15ec70d1f;8ee95035-02b8-4a5c-a372-a60387dabd83;Rue André Chassigneux;;17;;1;51576;Tours-sur-Marne;;;entrée;4.115054;49.048205;781512.09;6883723.18;;commune;2023-04-30
51576_xxxx_00017;5b079667-9610-498c-a63d-a11ab685cd8e;09bc2c6e-65d3-412f-b6a7-e08ced903b5b;2c58f1bc-8d24-4d46-9c80-07a91fba696c;Rue du Rempart Nord Ouest;;17;;1;51576;Tours-sur-Marne;;;entrée;4.116292;49.048363;781602.34;6883742.08;;commune;2023-04-30
51576_xxxx_00018;5b079667-9610-498c-a63d-a11ab685cd8e;2949adbd-4db0-47af-9bbc-fb65054405fc;d71b52dd-983f-4735-be3c-cae68feacc70;Impasse des Fées;;18;;1;51576;Tours-sur-Marne;;;entrée;4.116731;49.047534;781635.75;6883650.35;;commune;2023-04-30
51576_xxxx_00018;5b079667-9610-498c-a63d-a11ab685cd8e;12f00825-2093-4b88-a9b8-7f6e11e02ae3;ac3d9611-73d4-49bd-b4a6-63245d0a8a5c;Rue de la Garde;;18;;1;51576;Tours-sur-Marne;;;entrée;4.119423;49.050767;781827.37;6884012.65;;commune;2023-04-30
51576_xxxx_00018;5b079667-9610-498c-a63d-a11ab685cd8e;c61556c2-3178-4568-85bf-bb93171b1645;f1408788-2ba4-4c32-9beb-cf3d9a6cd503;Rue de la Halle;;18;;1;51576;Tours-sur-Marne;;;entrée;4.121474;49.047168;781982.99;6883614.57;;commune;2023-10-02
51576_xxxx_00018;5b079667-9610-498c-a63d-a11ab685cd8e;eefa7375-4045-4f89-a16d-6769db5d98e2;643253e0-8f12-4d34-9b91-766fd66c9144;Rue de la Haie du Bois;;18;;1;51576;Tours-sur-Marne;;;entrée;4.113589;49.051612;781399.62;6884100.64;;commune;2023-04-28
51576_xxxx_00018;5b079667-9610-498c-a63d-a11ab685cd8e;608df17b-5d90-450a-85b3-d60558fb07d5;7bcfc49a-4672-4638-95a7-da965e254dfe;Rue du Docteur Rene Bursaux;;18;;1;51576;Tours-sur-Marne;;;entrée;4.115094;49.051457;781509.9;6884084.9;;commune;2023-04-28
51576_xxxx_00018;5b079667-9610-498c-a63d-a11ab685cd8e;f6e931c0-6d12-4160-8feb-3ba15ec70d1f;c8d6210f-27a4-4729-b95d-42bea337ad03;Rue André Chassigneux;;18;;1;51576;Tours-sur-Marne;;;entrée;4.115617;49.048888;781552.15;6883799.76;;commune;2023-04-30
51576_xxxx_00018;5b079667-9610-498c-a63d-a11ab685cd8e;72082ec5-46b5-4f3b-a9e4-08bc0e61dc83;a1bd9752-26c4-4839-ba09-a456b9a5e34d;Rue Heurpé;;18;;1;51576;Tours-sur-Marne;;;entrée;4.121107;49.048698;781953.78;6883784.35;;commune;2023-02-01
51576_xxxx_00018;5b079667-9610-498c-a63d-a11ab685cd8e;19f501ab-af65-43ec-b7b2-ae073dccc1b9;b65df37c-8724-43a8-839e-464dfe7366e8;Avenue de Champagne;;18;;1;51576;Tours-sur-Marne;;;entrée;4.118657;49.049577;781773.26;6883879.49;;commune;2023-10-03
51576_xxxx_00018;5b079667-9610-498c-a63d-a11ab685cd8e;1f11309b-6168-4627-9f6c-5782146ae2a9;fdfacce9-44ca-4052-b5fa-92835d575b0e;rue du Champ Chapon ZAC Côte des Noirs;;18;;1;51576;Tours-sur-Marne;;;entrée;4.141827;49.07107;783432.32;6886293.85;;commune;2023-01-31
51576_xxxx_00018;5b079667-9610-498c-a63d-a11ab685cd8e;28edafb4-d289-455b-95db-bdd90098b434;4bd8b5d0-cb20-4ee6-bb1a-d97bc907d834;Rue Bernard;;18;;1;51576;Tours-sur-Marne;;;entrée;4.117531;49.048895;781692.05;6883802.52;;commune;2023-02-21
51576_xxxx_00018;5b079667-9610-498c-a63d-a11ab685cd8e;d8222438-ede0-4a27-97ff-a131c03ab47b;207369f5-9cc4-4ac0-9f89-4163b0e93fca;Rue du Bureau;;18;;1;51576;Tours-sur-Marne;;;entrée;4.120619;49.04793;781919.3;6883698.45;;commune;2023-04-24
51576_xxxx_00018;5b079667-9610-498c-a63d-a11ab685cd8e;e0830dfc-21dc-47bb-8b9a-c7fd11bc085c;3b2c456d-2f4c-42a6-89eb-2f2cea071521;Rue du Clos des Fourches;;18;;1;51576;Tours-sur-Marne;;;entrée;4.112868;49.050625;781348.48;6883990.13;;commune;2023-04-28
51576_xxxx_00018_bis;5b079667-9610-498c-a63d-a11ab685cd8e;28edafb4-d289-455b-95db-bdd90098b434;3c7cbfa6-2262-44e8-80ed-16cfce8b8501;Rue Bernard;;18;bis;1;51576;Tours-sur-Marne;;;entrée;4.117508;49.049349;781689.68;6883852.96;;commune;2023-10-02
51576_xxxx_00018_ter;5b079667-9610-498c-a63d-a11ab685cd8e;19f501ab-af65-43ec-b7b2-ae073dccc1b9;e101a66b-2495-4f08-9acf-a1e89b329b67;Avenue de Champagne;;18;ter;1;51576;Tours-sur-Marne;;;entrée;4.11936;49.049683;781824.5;6883892.04;;commune;2023-10-03
51576_xxxx_00019;5b079667-9610-498c-a63d-a11ab685cd8e;1f11309b-6168-4627-9f6c-5782146ae2a9;cf3f955e-683c-4dff-b7a1-ff548aaf4518;rue du Champ Chapon ZAC Côte des Noirs;;19;;1;51576;Tours-sur-Marne;;;entrée;4.140384;49.070241;783328.22;6886200.14;51576000ZC0097;commune;2024-10-30
51576_xxxx_00019;5b079667-9610-498c-a63d-a11ab685cd8e;608df17b-5d90-450a-85b3-d60558fb07d5;3e8934fe-6870-4af1-a9b5-aba2d85dfa57;Rue du Docteur Rene Bursaux;;19;;1;51576;Tours-sur-Marne;;;entrée;4.114386;49.051796;781457.64;6884121.91;;commune;2023-04-28
51576_xxxx_00019;5b079667-9610-498c-a63d-a11ab685cd8e;cb342646-b867-4ca7-bdfd-3fd07a548f29;030edd25-3a3f-4ec3-8a40-86aca45e276e;Rue de la Chenevrière;;19;;1;51576;Tours-sur-Marne;;;entrée;4.112964;49.049951;781356.6;6883915.2;;commune;2023-04-28
51576_xxxx_00019;5b079667-9610-498c-a63d-a11ab685cd8e;f6e931c0-6d12-4160-8feb-3ba15ec70d1f;49776a2d-5079-45b1-a729-27c8017556eb;Rue André Chassigneux;;19;;1;51576;Tours-sur-Marne;;;entrée;4.115134;49.048303;781517.77;6883734.25;;commune;2023-04-30
51576_xxxx_00019;5b079667-9610-498c-a63d-a11ab685cd8e;de0dabc1-7b64-4fe2-b5cb-e390afd699a6;ebbe7c53-e775-4d4d-857f-3fbf1fc7acec;Rue Gaston Erling;;19;;1;51576;Tours-sur-Marne;;;entrée;4.116776;49.051451;781632.85;6884085.98;;commune;2023-04-30
51576_xxxx_00019;5b079667-9610-498c-a63d-a11ab685cd8e;9af5e9be-16a3-4ce7-85ec-650548e82eed;23367503-a5e2-4580-9f2a-a2a48be55e94;Rue de la Vendange;;19;;1;51576;Tours-sur-Marne;;;entrée;4.12568;49.053195;782280.93;6884289.19;;commune;2023-03-20
51576_xxxx_00019;5b079667-9610-498c-a63d-a11ab685cd8e;09bc2c6e-65d3-412f-b6a7-e08ced903b5b;73ec1133-a092-4af0-8c5b-866dbc38fabc;Rue du Rempart Nord Ouest;;19;;1;51576;Tours-sur-Marne;;;entrée;4.1165;49.048439;781617.44;6883750.77;;commune;2023-04-30
51576_xxxx_00019;5b079667-9610-498c-a63d-a11ab685cd8e;c61556c2-3178-4568-85bf-bb93171b1645;023411df-312a-4353-9d3d-cdc8f4c9736b;Rue de la Halle;;19;;1;51576;Tours-sur-Marne;;;entrée;4.120846;49.047215;781937.04;6883619.11;;commune;2023-10-02
51576_xxxx_00019;5b079667-9610-498c-a63d-a11ab685cd8e;4421e05c-e1fe-4729-8ab8-b2175d77d8dd;ee796d0d-6b91-452d-8b85-e27c84f959fb;Rue de l’Avenir;;19;;1;51576;Tours-sur-Marne;;;entrée;4.113776;49.048937;781417.49;6883803.3;;commune;2023-04-30
51576_xxxx_00019;5b079667-9610-498c-a63d-a11ab685cd8e;19f501ab-af65-43ec-b7b2-ae073dccc1b9;0c90cf47-f376-416c-979f-115cd351df07;Avenue de Champagne;;19;;1;51576;Tours-sur-Marne;;;entrée;4.117116;49.049796;781660.34;6883902.27;;commune;2023-10-10
51576_xxxx_00019;5b079667-9610-498c-a63d-a11ab685cd8e;db2e6a5f-ab85-45ea-b905-bd7344f5d498;c22007e9-e891-4225-9ae3-1c6ed81d0b41;Rue de la Croix Saint Jacques;;19;;1;51576;Tours-sur-Marne;;;entrée;4.125792;49.052548;782290.1;6884217.33;;commune;2023-03-20
51576_xxxx_00019_bis;5b079667-9610-498c-a63d-a11ab685cd8e;c61556c2-3178-4568-85bf-bb93171b1645;e5519bce-7c07-40f6-9a98-16eccb3c77f8;Rue de la Halle;;19;bis;1;51576;Tours-sur-Marne;;;entrée;4.12096;49.047214;781945.37;6883619.08;;commune;2023-10-02
51576_xxxx_00020;5b079667-9610-498c-a63d-a11ab685cd8e;12f00825-2093-4b88-a9b8-7f6e11e02ae3;61b48127-6976-449a-8d5a-088d0b187f95;Rue de la Garde;;20;;1;51576;Tours-sur-Marne;;;entrée;4.119392;49.050828;781825.01;6884019.45;;commune;2023-04-30
51576_xxxx_00020;5b079667-9610-498c-a63d-a11ab685cd8e;c61556c2-3178-4568-85bf-bb93171b1645;6d87657c-bfaf-4528-898e-2965fb9292fc;Rue de la Halle;;20;;1;51576;Tours-sur-Marne;;;entrée;4.121625;49.04718;781994.03;6883616.02;;commune;2023-10-02
51576_xxxx_00020;5b079667-9610-498c-a63d-a11ab685cd8e;19f501ab-af65-43ec-b7b2-ae073dccc1b9;c6dde453-6f47-4c74-824e-ea64c339072d;Avenue de Champagne;;20;;1;51576;Tours-sur-Marne;;;entrée;4.119801;49.04977;781856.61;6883902.18;;commune;2023-10-03
51576_xxxx_00020;5b079667-9610-498c-a63d-a11ab685cd8e;1f11309b-6168-4627-9f6c-5782146ae2a9;e8ca479c-a4cd-4903-a0bb-f7d18451f456;rue du Champ Chapon ZAC Côte des Noirs;;20;;1;51576;Tours-sur-Marne;;;entrée;4.142177;49.070807;783458.31;6886265.03;;commune;2023-01-31
51576_xxxx_00020;5b079667-9610-498c-a63d-a11ab685cd8e;608df17b-5d90-450a-85b3-d60558fb07d5;6068d6e3-116b-4cd4-9c12-fd5313ab21b1;Rue du Docteur Rene Bursaux;;20;;1;51576;Tours-sur-Marne;;;entrée;4.114832;49.051631;781490.46;6884103.97;;commune;2023-04-28
51576_xxxx_00020;5b079667-9610-498c-a63d-a11ab685cd8e;72082ec5-46b5-4f3b-a9e4-08bc0e61dc83;d4c8a7dd-3d32-489a-a7ff-b55b447e1189;Rue Heurpé;;20;;1;51576;Tours-sur-Marne;;;entrée;4.121072;49.048865;781950.93;6883802.8;;commune;2023-02-01
51576_xxxx_00020;5b079667-9610-498c-a63d-a11ab685cd8e;f6e931c0-6d12-4160-8feb-3ba15ec70d1f;e05c0a8c-35bb-41fa-9e0d-314e1492137f;Rue André Chassigneux;;20;;1;51576;Tours-sur-Marne;;;entrée;4.115577;49.048964;781549.11;6883808.12;;commune;2023-04-30
51576_xxxx_00020;5b079667-9610-498c-a63d-a11ab685cd8e;1ff75f78-11ac-41ea-a3f7-6c5dbbd1864e;a70aa87d-85d8-437e-be8d-617203cd77b4;Rue de Bisseuil;;20;;1;51576;Tours-sur-Marne;;;entrée;4.116728;49.047366;781635.78;6883631.68;;commune;2023-04-30
51576_xxxx_00020;5b079667-9610-498c-a63d-a11ab685cd8e;e0830dfc-21dc-47bb-8b9a-c7fd11bc085c;80e1a642-fd7c-4591-bd90-756ed34a0d56;Rue du Clos des Fourches;;20;;1;51576;Tours-sur-Marne;;;entrée;4.112974;49.050475;781356.46;6883973.54;;commune;2023-04-28
51576_xxxx_00020_bis;5b079667-9610-498c-a63d-a11ab685cd8e;19f501ab-af65-43ec-b7b2-ae073dccc1b9;7cce1e65-3b3e-4afd-adaf-08c8c8e2193a;Avenue de Champagne;;20;bis;1;51576;Tours-sur-Marne;;;entrée;4.120142;49.049844;781881.43;6883910.76;;commune;2023-10-03
51576_xxxx_00021;5b079667-9610-498c-a63d-a11ab685cd8e;de0dabc1-7b64-4fe2-b5cb-e390afd699a6;8d1b485d-e913-4c32-add3-2a0096ae0237;Rue Gaston Erling;;21;;1;51576;Tours-sur-Marne;;;entrée;4.116998;49.051445;781649.08;6884085.59;;commune;2023-04-30
51576_xxxx_00021;5b079667-9610-498c-a63d-a11ab685cd8e;19f501ab-af65-43ec-b7b2-ae073dccc1b9;0cd7e2a2-f5e9-4a1b-9933-facb34883ec2;Avenue de Champagne;;21;;1;51576;Tours-sur-Marne;;;entrée;4.117591;49.049741;781695.09;6883896.68;;commune;2023-10-03
51576_xxxx_00021;5b079667-9610-498c-a63d-a11ab685cd8e;c61556c2-3178-4568-85bf-bb93171b1645;e33473d6-2431-4028-b402-23d97bbfae09;Rue de la Halle;;21;;1;51576;Tours-sur-Marne;;;entrée;4.121111;49.047208;781956.44;6883618.67;;commune;2023-10-02
51576_xxxx_00021;5b079667-9610-498c-a63d-a11ab685cd8e;f6e931c0-6d12-4160-8feb-3ba15ec70d1f;fcbe0a8f-c285-41a3-8cb3-6af7b1a78ece;Rue André Chassigneux;;21;;1;51576;Tours-sur-Marne;;;entrée;4.115249;49.048412;781526.02;6883746.49;;commune;2023-04-30
51576_xxxx_00021;5b079667-9610-498c-a63d-a11ab685cd8e;09bc2c6e-65d3-412f-b6a7-e08ced903b5b;fc26502e-bafa-4253-ba02-da705b6bfdb1;Rue du Rempart Nord Ouest;;21;;1;51576;Tours-sur-Marne;;;entrée;4.116806;49.048554;781639.6;6883763.9;;commune;2023-04-30
51576_xxxx_00021;5b079667-9610-498c-a63d-a11ab685cd8e;1f11309b-6168-4627-9f6c-5782146ae2a9;eae77790-8c48-48f6-b211-b219039e1200;rue du Champ Chapon ZAC Côte des Noirs;;21;;1;51576;Tours-sur-Marne;;;entrée;4.139658;49.070458;783274.83;6886223.58;51576000ZC0110;commune;2024-10-30
51576_xxxx_00021;5b079667-9610-498c-a63d-a11ab685cd8e;cb342646-b867-4ca7-bdfd-3fd07a548f29;c285d495-5394-4f70-9269-a0f834f6f619;Rue de la Chenevrière;;21;;1;51576;Tours-sur-Marne;;;entrée;4.112942;49.050026;781354.84;6883923.57;;commune;2023-04-28
51576_xxxx_00022;5b079667-9610-498c-a63d-a11ab685cd8e;c61556c2-3178-4568-85bf-bb93171b1645;31836c48-1a69-48bc-a018-ae605b399054;Rue de la Halle;;22;;1;51576;Tours-sur-Marne;;;entrée;4.121749;49.047191;782003.05;6883617.44;;commune;2023-10-02
51576_xxxx_00022;5b079667-9610-498c-a63d-a11ab685cd8e;72082ec5-46b5-4f3b-a9e4-08bc0e61dc83;4823b2d5-89da-4745-a28d-0e5c9cb42d9a;Rue Heurpé;;22;;1;51576;Tours-sur-Marne;;;entrée;4.120907;49.049335;781938.13;6883854.94;;commune;2023-02-01
51576_xxxx_00022;5b079667-9610-498c-a63d-a11ab685cd8e;1f11309b-6168-4627-9f6c-5782146ae2a9;5ba53d20-40c0-4014-9682-a951229c6c2b;rue du Champ Chapon ZAC Côte des Noirs;;22;;1;51576;Tours-sur-Marne;;;entrée;4.141863;49.070347;783436.08;6886213.53;51576000ZC0226;commune;2024-10-30
51576_xxxx_00022;5b079667-9610-498c-a63d-a11ab685cd8e;f6e931c0-6d12-4160-8feb-3ba15ec70d1f;0b183e39-d107-46c4-b502-9c3f1b26b7b3;Rue André Chassigneux;;22;;1;51576;Tours-sur-Marne;;;entrée;4.115544;49.04903;781546.58;6883815.52;;commune;2023-04-30
51576_xxxx_00022;5b079667-9610-498c-a63d-a11ab685cd8e;12f00825-2093-4b88-a9b8-7f6e11e02ae3;f32c47f7-672f-48a8-bce7-572e6763f07c;Rue de la Garde;;22;;1;51576;Tours-sur-Marne;;;entrée;4.119369;49.050888;781823.27;6884026.06;;commune;2023-04-30
51576_xxxx_00022;5b079667-9610-498c-a63d-a11ab685cd8e;e0830dfc-21dc-47bb-8b9a-c7fd11bc085c;b80c2883-e656-4df7-879d-6a6e839f5f51;Rue du Clos des Fourches;;22;;1;51576;Tours-sur-Marne;;;entrée;4.112716;49.050258;781337.93;6883949.08;;commune;2023-04-28
51576_xxxx_00022;5b079667-9610-498c-a63d-a11ab685cd8e;608df17b-5d90-450a-85b3-d60558fb07d5;426e47d2-dc7d-4566-82c7-4b32069687d0;Rue du Docteur Rene Bursaux;;22;;1;51576;Tours-sur-Marne;;;entrée;4.114646;49.051761;781476.65;6884118.21;;commune;2023-04-28
51576_xxxx_00022;5b079667-9610-498c-a63d-a11ab685cd8e;1ff75f78-11ac-41ea-a3f7-6c5dbbd1864e;d4a7510d-1486-411e-a6a4-370c4717bb03;Rue de Bisseuil;;22;;1;51576;Tours-sur-Marne;;;entrée;4.116427;49.047362;781613.81;6883630.92;;commune;2023-04-30
51576_xxxx_00022;5b079667-9610-498c-a63d-a11ab685cd8e;19f501ab-af65-43ec-b7b2-ae073dccc1b9;851de5fd-3fa8-45f3-93c3-be35722a3daf;Avenue de Champagne;;22;;1;51576;Tours-sur-Marne;;;entrée;4.12039;49.049883;781899.45;6883915.32;;commune;2023-10-03
51576_xxxx_00023;5b079667-9610-498c-a63d-a11ab685cd8e;09bc2c6e-65d3-412f-b6a7-e08ced903b5b;55fffd58-ee74-4249-9ef1-ccb932b2da8d;Rue du Rempart Nord Ouest;;23;;1;51576;Tours-sur-Marne;;;entrée;4.117117;49.048641;781662.19;6883773.88;;commune;2023-04-30
51576_xxxx_00023;5b079667-9610-498c-a63d-a11ab685cd8e;1f11309b-6168-4627-9f6c-5782146ae2a9;4eb06432-1cac-415e-a328-c19c27ae6b3c;rue du Champ Chapon ZAC Côte des Noirs;;23;;1;51576;Tours-sur-Marne;;;entrée;4.139318;49.070549;783249.82;6886233.3;51576000ZC0111;commune;2024-10-30
51576_xxxx_00023;5b079667-9610-498c-a63d-a11ab685cd8e;de0dabc1-7b64-4fe2-b5cb-e390afd699a6;dee4d70c-df9c-4423-b32b-c06560013ddd;Rue Gaston Erling;;23;;1;51576;Tours-sur-Marne;;;entrée;4.117261;49.051435;781668.32;6884084.73;;commune;2023-04-30
51576_xxxx_00023;5b079667-9610-498c-a63d-a11ab685cd8e;f6e931c0-6d12-4160-8feb-3ba15ec70d1f;0fd1e076-0805-461a-b656-bbf9a44ea00c;Rue André Chassigneux;;23;;1;51576;Tours-sur-Marne;;;entrée;4.115349;49.048526;781533.14;6883759.2;;commune;2023-04-30
51576_xxxx_00023;5b079667-9610-498c-a63d-a11ab685cd8e;c61556c2-3178-4568-85bf-bb93171b1645;4646fc6c-21b3-4670-808b-c9d37c7d23d3;Rue de la Halle;;23;;1;51576;Tours-sur-Marne;;;entrée;4.121578;49.047304;781990.38;6883629.75;;commune;2023-10-02
51576_xxxx_00023;5b079667-9610-498c-a63d-a11ab685cd8e;19f501ab-af65-43ec-b7b2-ae073dccc1b9;c25d8122-f8e9-4f44-8c2a-964abc6f617a;Avenue de Champagne;;23;;1;51576;Tours-sur-Marne;;;entrée;4.118053;49.049716;781728.93;6883894.31;;commune;2023-10-03
51576_xxxx_00023;5b079667-9610-498c-a63d-a11ab685cd8e;cb342646-b867-4ca7-bdfd-3fd07a548f29;f3dafa87-1f75-464e-a429-b617f04187d3;Rue de la Chenevrière;;23;;1;51576;Tours-sur-Marne;;;entrée;4.112908;49.050105;781352.26;6883932.28;;commune;2023-04-28
51576_xxxx_00024;5b079667-9610-498c-a63d-a11ab685cd8e;1f11309b-6168-4627-9f6c-5782146ae2a9;0fdfcfb4-8111-488b-8a1f-cede1a0bf37e;rue du Champ Chapon ZAC Côte des Noirs;;24;;1;51576;Tours-sur-Marne;;;entrée;4.141066;49.070119;783378.23;6886187.38;51576000ZC0225;commune;2024-10-30
51576_xxxx_00024;5b079667-9610-498c-a63d-a11ab685cd8e;12f00825-2093-4b88-a9b8-7f6e11e02ae3;98f6efb5-a934-4835-8323-98a9c5cf1fac;Rue de la Garde;;24;;1;51576;Tours-sur-Marne;;;entrée;4.119346;49.050953;781821.46;6884033.22;;commune;2023-04-30
51576_xxxx_00024;5b079667-9610-498c-a63d-a11ab685cd8e;f6e931c0-6d12-4160-8feb-3ba15ec70d1f;4957b768-9d9a-4c5c-ba1b-df45fdfdb457;Rue André Chassigneux;;24;;1;51576;Tours-sur-Marne;;;entrée;4.115513;49.049084;781544.22;6883821.46;;commune;2023-04-30
51576_xxxx_00024;5b079667-9610-498c-a63d-a11ab685cd8e;e0830dfc-21dc-47bb-8b9a-c7fd11bc085c;a6acb1d9-a5c7-4c49-9c47-cc9b883a1ac8;Rue du Clos des Fourches;;24;;1;51576;Tours-sur-Marne;;;entrée;4.112531;49.050238;781324.48;6883946.74;;commune;2023-04-28
51576_xxxx_00024;5b079667-9610-498c-a63d-a11ab685cd8e;72082ec5-46b5-4f3b-a9e4-08bc0e61dc83;47c9c648-dc23-45cd-92e8-e9a8ede9c4a9;Rue Heurpé;;24;;1;51576;Tours-sur-Marne;;;entrée;4.120813;49.049639;781930.79;6883888.67;;commune;2023-02-01
51576_xxxx_00024;5b079667-9610-498c-a63d-a11ab685cd8e;c61556c2-3178-4568-85bf-bb93171b1645;9d72c026-1deb-471f-9c93-4c8c421f4259;Rue de la Halle;;24;;1;51576;Tours-sur-Marne;;;entrée;4.121917;49.04719;782015.32;6883617.43;;commune;2023-10-10
51576_xxxx_00025;5b079667-9610-498c-a63d-a11ab685cd8e;f6e931c0-6d12-4160-8feb-3ba15ec70d1f;f1cb68b5-c161-443c-a058-c94a0ef10bb6;Rue André Chassigneux;;25;;1;51576;Tours-sur-Marne;;;entrée;4.115469;49.048659;781541.68;6883774.18;;commune;2023-04-30
51576_xxxx_00025;5b079667-9610-498c-a63d-a11ab685cd8e;de0dabc1-7b64-4fe2-b5cb-e390afd699a6;59781b69-fa2d-475f-85b0-6fe6f8010876;Rue Gaston Erling;;25;;1;51576;Tours-sur-Marne;;;entrée;4.117519;49.051425;781687.19;6884083.87;;commune;2023-04-30
51576_xxxx_00025;5b079667-9610-498c-a63d-a11ab685cd8e;19f501ab-af65-43ec-b7b2-ae073dccc1b9;b0ede1d3-1178-4f36-b87c-d40cd74b280e;Avenue de Champagne;;25;;1;51576;Tours-sur-Marne;;;entrée;4.11861;49.049734;781769.63;6883896.92;;commune;2023-10-03
51576_xxxx_00025;5b079667-9610-498c-a63d-a11ab685cd8e;e0830dfc-21dc-47bb-8b9a-c7fd11bc085c;3013e051-cc9b-49f8-b812-fceb066b8056;Rue du Clos des Fourches;;25;;1;51576;Tours-sur-Marne;;;entrée;4.112253;49.050079;781304.38;6883928.76;;commune;2023-04-28
51576_xxxx_00026;5b079667-9610-498c-a63d-a11ab685cd8e;e0830dfc-21dc-47bb-8b9a-c7fd11bc085c;f067c02e-40d5-4c46-bfa3-391b12871060;Rue du Clos des Fourches;;26;;1;51576;Tours-sur-Marne;;;entrée;4.112259;49.0502;781304.65;6883942.22;;commune;2023-04-28
51576_xxxx_00026;5b079667-9610-498c-a63d-a11ab685cd8e;1f11309b-6168-4627-9f6c-5782146ae2a9;d05541df-9cb2-4dac-a54b-9c16470d973d;rue du Champ Chapon ZAC Côte des Noirs;;26;;1;51576;Tours-sur-Marne;;;entrée;4.140421;49.070327;783330.78;6886209.74;;commune;2024-10-30
51576_xxxx_00026;5b079667-9610-498c-a63d-a11ab685cd8e;f6e931c0-6d12-4160-8feb-3ba15ec70d1f;1f8c518f-1046-4d8f-9d55-a012f4dd626a;Rue André Chassigneux;;26;;1;51576;Tours-sur-Marne;;;entrée;4.115495;49.04915;781542.82;6883828.72;;commune;2023-04-30
51576_xxxx_00026;5b079667-9610-498c-a63d-a11ab685cd8e;12f00825-2093-4b88-a9b8-7f6e11e02ae3;75164772-a669-496b-b7e4-a404df4c0d8d;Rue de la Garde;;26;;1;51576;Tours-sur-Marne;;;entrée;4.11927;49.051199;781815.54;6884060.56;;commune;2023-04-30
51576_xxxx_00027;5b079667-9610-498c-a63d-a11ab685cd8e;19f501ab-af65-43ec-b7b2-ae073dccc1b9;ee45a5d6-9627-477b-b7a6-baa0f5996901;Avenue de Champagne;;27;;1;51576;Tours-sur-Marne;;;entrée;4.11902;49.049792;781799.5;6883903.82;;commune;2023-10-03
51576_xxxx_00027;5b079667-9610-498c-a63d-a11ab685cd8e;f6e931c0-6d12-4160-8feb-3ba15ec70d1f;727e6842-0e3a-4d86-aa34-405a0507df57;Rue André Chassigneux;;27;;1;51576;Tours-sur-Marne;;;entrée;4.115415;49.048919;781537.38;6883802.96;;commune;2023-04-30
51576_xxxx_00028;5b079667-9610-498c-a63d-a11ab685cd8e;12f00825-2093-4b88-a9b8-7f6e11e02ae3;3f7b4f8e-ada0-4279-b754-9b261581cfd8;Rue de la Garde;;28;;1;51576;Tours-sur-Marne;;;entrée;4.119367;49.051218;781822.63;6884062.75;;commune;2023-04-30
51576_xxxx_00028;5b079667-9610-498c-a63d-a11ab685cd8e;1ff75f78-11ac-41ea-a3f7-6c5dbbd1864e;6da2f6c8-77c9-4bdb-9ee5-b99c1c1c1963;Rue de Bisseuil;;28;;1;51576;Tours-sur-Marne;;;service technique;4.114624;49.047286;781482.1;6883620.59;;commune;2023-04-30
51576_xxxx_00028;5b079667-9610-498c-a63d-a11ab685cd8e;19f501ab-af65-43ec-b7b2-ae073dccc1b9;61749a7b-3aeb-43aa-bdf4-c1de36249400;Avenue de Champagne;;28;;1;51576;Tours-sur-Marne;;;entrée;4.122103;49.05016;782024.28;6883947.97;;commune;2023-10-03
51576_xxxx_00028;5b079667-9610-498c-a63d-a11ab685cd8e;f6e931c0-6d12-4160-8feb-3ba15ec70d1f;62cda454-6917-49ef-b64c-326de946ee13;Rue André Chassigneux;;28;;1;51576;Tours-sur-Marne;;;entrée;4.115464;49.049232;781540.43;6883837.89;;commune;2023-04-30
51576_xxxx_00029;5b079667-9610-498c-a63d-a11ab685cd8e;f6e931c0-6d12-4160-8feb-3ba15ec70d1f;1b272751-d88f-4cee-8b56-a9e06b172154;Rue André Chassigneux;;29;;1;51576;Tours-sur-Marne;;;entrée;4.115111;49.049245;781514.59;6883838.9;;commune;2023-04-30
51576_xxxx_00030;5b079667-9610-498c-a63d-a11ab685cd8e;19f501ab-af65-43ec-b7b2-ae073dccc1b9;034aaf35-a027-4e8a-8451-55b920dcb992;Avenue de Champagne;;30;;1;51576;Tours-sur-Marne;;;entrée;4.122294;49.050196;782038.19;6883952.12;;commune;2023-10-03
51576_xxxx_00030;5b079667-9610-498c-a63d-a11ab685cd8e;1ff75f78-11ac-41ea-a3f7-6c5dbbd1864e;1c120a6b-28f6-4114-b7b7-640de6abbc61;Rue de Bisseuil;;30;;1;51576;Tours-sur-Marne;;;entrée;4.113156;49.047007;781375.23;6883588.09;;commune;2023-04-30
51576_xxxx_00030;5b079667-9610-498c-a63d-a11ab685cd8e;12f00825-2093-4b88-a9b8-7f6e11e02ae3;c7363f89-4691-4d94-af24-1d3bb04b86ab;Rue de la Garde;;30;;1;51576;Tours-sur-Marne;;;entrée;4.119308;49.051298;781818.19;6884071.61;;commune;2023-04-30
51576_xxxx_00030;5b079667-9610-498c-a63d-a11ab685cd8e;f6e931c0-6d12-4160-8feb-3ba15ec70d1f;2d26fbdb-9778-4bea-a3b5-0442c1a4e127;Rue André Chassigneux;;30;;1;51576;Tours-sur-Marne;;;entrée;4.115413;49.049302;781536.59;6883845.6;;commune;2023-04-30
51576_xxxx_00031;5b079667-9610-498c-a63d-a11ab685cd8e;19f501ab-af65-43ec-b7b2-ae073dccc1b9;dcd69ac9-3441-4e73-9c2e-ffc26d0f677c;Avenue de Champagne;;31;;1;51576;Tours-sur-Marne;;;entrée;4.119442;49.049852;781830.25;6883910.87;;commune;2023-10-03
51576_xxxx_00032;5b079667-9610-498c-a63d-a11ab685cd8e;f6e931c0-6d12-4160-8feb-3ba15ec70d1f;a533c88d-d095-4ee2-b3f3-5a9fe1b2f1d7;Rue André Chassigneux;;32;;1;51576;Tours-sur-Marne;;;entrée;4.115375;49.049372;781533.72;6883853.31;;commune;2023-04-30
51576_xxxx_00032;5b079667-9610-498c-a63d-a11ab685cd8e;12f00825-2093-4b88-a9b8-7f6e11e02ae3;22dec9ab-e454-4b77-9f09-705b05af2eaa;Rue de la Garde;;32;;1;51576;Tours-sur-Marne;;;entrée;4.119291;49.05136;781816.86;6884078.43;;commune;2023-04-30
51576_xxxx_00032;5b079667-9610-498c-a63d-a11ab685cd8e;19f501ab-af65-43ec-b7b2-ae073dccc1b9;dd36dea4-e8eb-429f-ae33-33b3362cadbe;Avenue de Champagne;;32;;1;51576;Tours-sur-Marne;;;entrée;4.123031;49.050322;782091.81;6883966.91;;commune;2023-10-03
51576_xxxx_00033;5b079667-9610-498c-a63d-a11ab685cd8e;19f501ab-af65-43ec-b7b2-ae073dccc1b9;24e3422e-3b86-4f69-9c92-703a103af1d9;Avenue de Champagne;;33;;1;51576;Tours-sur-Marne;;;entrée;4.119907;49.049919;781864.09;6883918.88;;commune;2023-10-03
51576_xxxx_00033_bis;5b079667-9610-498c-a63d-a11ab685cd8e;19f501ab-af65-43ec-b7b2-ae073dccc1b9;9df32394-9fc7-4337-9a98-93a81ee8492b;Avenue de Champagne;;33;bis;1;51576;Tours-sur-Marne;;;entrée;4.120123;49.049964;781879.84;6883924.1;;commune;2023-11-02
51576_xxxx_00034;5b079667-9610-498c-a63d-a11ab685cd8e;f6e931c0-6d12-4160-8feb-3ba15ec70d1f;3d34ed06-8317-4cb3-9f2d-e76abc99d78b;Rue André Chassigneux;;34;;1;51576;Tours-sur-Marne;;;entrée;4.115355;49.049436;781532.17;6883860.4;;commune;2023-04-30
51576_xxxx_00034;5b079667-9610-498c-a63d-a11ab685cd8e;19f501ab-af65-43ec-b7b2-ae073dccc1b9;0ad77736-b84f-4558-8c31-8e7906229468;Avenue de Champagne;;34;;1;51576;Tours-sur-Marne;;;entrée;4.126153;49.050879;782319.11;6884032.07;;commune;2023-10-03
51576_xxxx_00034;5b079667-9610-498c-a63d-a11ab685cd8e;12f00825-2093-4b88-a9b8-7f6e11e02ae3;d7e41039-c9f9-4102-a862-4b92ba0745a0;Rue de la Garde;;34;;1;51576;Tours-sur-Marne;;;entrée;4.119262;49.051417;781814.64;6884084.76;;commune;2023-04-30
51576_xxxx_00035;5b079667-9610-498c-a63d-a11ab685cd8e;19f501ab-af65-43ec-b7b2-ae073dccc1b9;73579036-11b6-4534-854b-61c00aaf7eda;Avenue de Champagne;;35;;1;51576;Tours-sur-Marne;;;entrée;4.120582;49.050037;781913.28;6883932.71;;commune;2023-10-03
51576_xxxx_00036;5b079667-9610-498c-a63d-a11ab685cd8e;12f00825-2093-4b88-a9b8-7f6e11e02ae3;ff3c0c4e-8d28-4edf-846c-7cfdc8716ca5;Rue de la Garde;;36;;1;51576;Tours-sur-Marne;;;entrée;4.119273;49.051553;781815.23;6884099.9;;commune;2023-04-30
51576_xxxx_00037;5b079667-9610-498c-a63d-a11ab685cd8e;19f501ab-af65-43ec-b7b2-ae073dccc1b9;bda76b68-ef5c-4967-a300-2c8f65c3b80e;Avenue de Champagne;;37;;1;51576;Tours-sur-Marne;;;entrée;4.120763;49.050068;781926.46;6883936.28;;commune;2023-10-03
51576_xxxx_00038;5b079667-9610-498c-a63d-a11ab685cd8e;12f00825-2093-4b88-a9b8-7f6e11e02ae3;8ee38a4d-cbeb-44ba-adca-e61ee6db8b8a;Rue de la Garde;;38;;1;51576;Tours-sur-Marne;;;entrée;4.119175;49.051536;781808.09;6884097.88;;commune;2023-04-30
51576_xxxx_00039;5b079667-9610-498c-a63d-a11ab685cd8e;19f501ab-af65-43ec-b7b2-ae073dccc1b9;3915c364-51b6-4a62-8e8e-fbe82c2d0bd5;Avenue de Champagne;;39;;1;51576;Tours-sur-Marne;;;entrée;4.121498;49.05019;781980;6883950.68;;commune;2023-10-03
51576_xxxx_00040;5b079667-9610-498c-a63d-a11ab685cd8e;12f00825-2093-4b88-a9b8-7f6e11e02ae3;4ab434ea-623d-4b62-a90b-3a1a66d7bf7e;Rue de la Garde;;40;;1;51576;Tours-sur-Marne;;;entrée;4.119056;49.051515;781799.37;6884095.42;;commune;2023-04-30
51576_xxxx_00041;5b079667-9610-498c-a63d-a11ab685cd8e;19f501ab-af65-43ec-b7b2-ae073dccc1b9;7dbeed98-cdfc-4850-ac92-a6c35a749298;Avenue de Champagne;;41;;1;51576;Tours-sur-Marne;;;entrée;4.122905;49.050425;782082.43;6883978.25;;commune;2023-10-03
51576_xxxx_00043;5b079667-9610-498c-a63d-a11ab685cd8e;19f501ab-af65-43ec-b7b2-ae073dccc1b9;7ca176e6-f8c0-4a1e-816e-d1c7135deb17;Avenue de Champagne;;43;;1;51576;Tours-sur-Marne;;;entrée;4.124328;49.050685;782186.08;6884008.58;;commune;2023-10-03
51576_xxxx_00045;5b079667-9610-498c-a63d-a11ab685cd8e;19f501ab-af65-43ec-b7b2-ae073dccc1b9;51050dab-18c9-495a-9cf5-1c93026f1d5f;Avenue de Champagne;;45;;1;51576;Tours-sur-Marne;;;entrée;4.124545;49.050721;782201.88;6884012.87;;commune;2023-10-03
51576_xxxx_00047;5b079667-9610-498c-a63d-a11ab685cd8e;19f501ab-af65-43ec-b7b2-ae073dccc1b9;0fb24ff0-c4fc-48ac-b9c4-a3bf80bd4527;Avenue de Champagne;;47;;1;51576;Tours-sur-Marne;;;entrée;4.126104;49.051015;782315.37;6884047.22;;commune;2023-10-03
51576_xxxx_01200;5b079667-9610-498c-a63d-a11ab685cd8e;578bb4be-84bc-46a8-a25a-9d9be08c91c1;bac4ec14-c4f5-47d6-8fb5-804736d39cfc;Route Départementale 34;;1200;;1;51576;Tours-sur-Marne;;;entrée;4.148339;49.068519;783912.27;6886017.13;;commune;2023-01-31
51576_xxxx_01401;5b079667-9610-498c-a63d-a11ab685cd8e;578bb4be-84bc-46a8-a25a-9d9be08c91c1;0f07900d-a32b-4516-a69a-538ba2fd77cc;Route Départementale 34;;1401;;1;51576;Tours-sur-Marne;;;entrée;4.149813;49.066959;784022.5;6885845.23;;commune;2023-01-31
51576_xxxx_01600;5b079667-9610-498c-a63d-a11ab685cd8e;578bb4be-84bc-46a8-a25a-9d9be08c91c1;ec763506-0173-42d6-b874-bdb4ac1de9aa;Route Départementale 34;;1600;;1;51576;Tours-sur-Marne;;;entrée;4.152513;49.065219;784222.58;6885654.61;;commune;2023-01-31
